resolution,split,sequence,target_slot,source_frame,target_frame,method,trajectory,J,F,JF,token_iou,foreground_pixel_count,foreground_pixel_fraction,foreground_token_count_224,foreground_token_count_448,gain_off,gain_fixed,gain_constant,oracle_gap
224,discovery,bmx-bumps,1,00000.jpg,00030.jpg,OFF,OFF/OFF,0.1291610122136186,0.14687994143045316,0.1380204768220359,0.04545454680919647,15870,0.03871487119437939,9,38,0.0,0.0,0.0,0.0
224,discovery,bmx-bumps,1,00000.jpg,00030.jpg,trajectory_oracle,OFF/OFF,0.1291610122136186,0.14687994143045316,0.1380204768220359,0.04545454680919647,15870,0.03871487119437939,9,38,0.0,0.0,0.0,0.0
224,discovery,bmx-bumps,1,00000.jpg,00030.jpg,best_constant_oracle,OFF/OFF,0.1291610122136186,0.14687994143045316,0.1380204768220359,0.04545454680919647,15870,0.03871487119437939,9,38,0.0,0.0,0.0,0.0
224,discovery,bmx-bumps,1,00000.jpg,00030.jpg,A/A,A/A,0.1291610122136186,0.14687994143045316,0.1380204768220359,0.04545454680919647,15870,0.03871487119437939,9,38,0.0,0.0,0.0,0.0
224,discovery,bmx-bumps,1,00000.jpg,00030.jpg,B/B,B/B,0.1291610122136186,0.14687994143045316,0.1380204768220359,0.04545454680919647,15870,0.03871487119437939,9,38,0.0,0.0,0.0,0.0
224,discovery,bmx-bumps,1,00000.jpg,00030.jpg,ALL/ALL,ALL/ALL,0.1291610122136186,0.14687994143045316,0.1380204768220359,0.04545454680919647,15870,0.03871487119437939,9,38,0.0,0.0,0.0,0.0
224,discovery,bmx-bumps,1,00000.jpg,00030.jpg,rgb_selector,OFF/OFF,0.1291610122136186,0.14687994143045316,0.1380204768220359,0.04545454680919647,15870,0.03871487119437939,9,38,0.0,0.0,0.0,0.0
224,discovery,bmx-bumps,1,00000.jpg,00030.jpg,visible_selector,OFF/OFF,0.1291610122136186,0.14687994143045316,0.1380204768220359,0.04545454680919647,15870,0.03871487119437939,9,38,0.0,0.0,0.0,0.0
224,discovery,bmx-bumps,1,00000.jpg,00030.jpg,best_fixed,OFF/ALL,0.1291610122136186,0.14687994143045316,0.1380204768220359,0.04545454680919647,15870,0.03871487119437939,9,38,0.0,0.0,0.0,0.0
224,discovery,bmx-bumps,2,00000.jpg,00060.jpg,OFF,OFF/OFF,0.5,0.5,0.5,0.0,0,0.0,0,0,0.0,0.0,0.0,0.0
224,discovery,bmx-bumps,2,00000.jpg,00060.jpg,trajectory_oracle,OFF/OFF,0.5,0.5,0.5,0.0,0,0.0,0,0,0.0,0.0,0.0,0.0
224,discovery,bmx-bumps,2,00000.jpg,00060.jpg,best_constant_oracle,OFF/OFF,0.5,0.5,0.5,0.0,0,0.0,0,0,0.0,0.0,0.0,0.0
224,discovery,bmx-bumps,2,00000.jpg,00060.jpg,A/A,A/A,0.5,0.5,0.5,0.0,0,0.0,0,0,0.0,0.0,0.0,0.0
224,discovery,bmx-bumps,2,00000.jpg,00060.jpg,B/B,B/B,0.5,0.5,0.5,0.0,0,0.0,0,0,0.0,0.0,0.0,0.0
224,discovery,bmx-bumps,2,00000.jpg,00060.jpg,ALL/ALL,ALL/ALL,0.5,0.5,0.5,0.0,0,0.0,0,0,0.0,0.0,0.0,0.0
224,discovery,bmx-bumps,2,00000.jpg,00060.jpg,rgb_selector,OFF/OFF,0.5,0.5,0.5,0.0,0,0.0,0,0,0.0,0.0,0.0,0.0
224,discovery,bmx-bumps,2,00000.jpg,00060.jpg,visible_selector,OFF/OFF,0.5,0.5,0.5,0.0,0,0.0,0,0,0.0,0.0,0.0,0.0
224,discovery,bmx-bumps,2,00000.jpg,00060.jpg,best_fixed,OFF/ALL,0.5,0.5,0.5,0.0,0,0.0,0,0,0.0,0.0,0.0,0.0
224,discovery,cat-girl,1,00000.jpg,00029.jpg,OFF,OFF/OFF,0.6939537956265394,0.5168414614842103,0.6053976285553748,0.7131562232971191,184728,0.42244785949506036,108,429,0.0,0.008538467831200713,0.0,0.0
224,discovery,cat-girl,1,00000.jpg,00029.jpg,trajectory_oracle,OFF/OFF,0.6939537956265394,0.5168414614842103,0.6053976285553748,0.7131562232971191,184728,0.42244785949506036,108,429,0.0,0.008538467831200713,0.0,0.0
224,discovery,cat-girl,1,00000.jpg,00029.jpg,best_constant_oracle,OFF/OFF,0.6939537956265394,0.5168414614842103,0.6053976285553748,0.7131562232971191,184728,0.42244785949506036,108,429,0.0,0.008538467831200713,0.0,0.0
224,discovery,cat-girl,1,00000.jpg,00029.jpg,A/A,A/A,0.6830583494793037,0.4900036034134695,0.5865309764463866,0.7093241214752197,184728,0.42244785949506036,108,429,-0.010895446147235699,-0.0023569783160349855,-0.010895446147235699,0.0
224,discovery,cat-girl,1,00000.jpg,00029.jpg,B/B,B/B,0.6752517614777,0.49851418525402313,0.5868829733658616,0.6976958513259888,184728,0.42244785949506036,108,429,-0.018702034148839308,-0.010163566317638595,-0.018702034148839308,0.0
224,discovery,cat-girl,1,00000.jpg,00029.jpg,ALL/ALL,ALL/ALL,0.6738555809533961,0.504310003307572,0.589082792130484,0.6827957034111023,184728,0.42244785949506036,108,429,-0.02009821467314321,-0.011559746841942498,-0.02009821467314321,0.0
224,discovery,cat-girl,1,00000.jpg,00029.jpg,rgb_selector,OFF/OFF,0.6939537956265394,0.5168414614842103,0.6053976285553748,0.7131562232971191,184728,0.42244785949506036,108,429,0.0,0.008538467831200713,0.0,0.0
224,discovery,cat-girl,1,00000.jpg,00029.jpg,visible_selector,OFF/OFF,0.6939537956265394,0.5168414614842103,0.6053976285553748,0.7131562232971191,184728,0.42244785949506036,108,429,0.0,0.008538467831200713,0.0,0.0
224,discovery,cat-girl,1,00000.jpg,00029.jpg,best_fixed,OFF/ALL,0.6854153277953386,0.49674737645569533,0.5910813521255169,0.7131562232971191,184728,0.42244785949506036,108,429,-0.008538467831200713,0.0,-0.008538467831200713,0.0
224,discovery,cat-girl,2,00000.jpg,00059.jpg,OFF,OFF/OFF,0.7425467758124866,0.49830016402480054,0.6204234699186436,0.7146892547607422,103446,0.23656695938529088,62,237,0.0,0.0026117136724153056,0.0,0.0
224,discovery,cat-girl,2,00000.jpg,00059.jpg,trajectory_oracle,OFF/OFF,0.7425467758124866,0.49830016402480054,0.6204234699186436,0.7146892547607422,103446,0.23656695938529088,62,237,0.0,0.0026117136724153056,0.0,0.0
224,discovery,cat-girl,2,00000.jpg,00059.jpg,best_constant_oracle,OFF/OFF,0.7425467758124866,0.49830016402480054,0.6204234699186436,0.7146892547607422,103446,0.23656695938529088,62,237,0.0,0.0026117136724153056,0.0,0.0
224,discovery,cat-girl,2,00000.jpg,00059.jpg,A/A,A/A,0.7425467758124866,0.49830016402480054,0.6204234699186436,0.7146892547607422,103446,0.23656695938529088,62,237,0.0,0.0026117136724153056,0.0,0.0
224,discovery,cat-girl,2,00000.jpg,00059.jpg,B/B,B/B,0.7425178314024924,0.49266812772654944,0.617592979564521,0.7146892547607422,103446,0.23656695938529088,62,237,-2.8944409994235976e-05,0.0025827692624210696,-2.8944409994235976e-05,0.0
224,discovery,cat-girl,2,00000.jpg,00059.jpg,ALL/ALL,ALL/ALL,0.7352926895063394,0.4882908430051258,0.6117917662557326,0.7062146663665771,103446,0.23656695938529088,62,237,-0.007254086306147212,-0.004642372633731906,-0.007254086306147212,0.0
224,discovery,cat-girl,2,00000.jpg,00059.jpg,rgb_selector,OFF/OFF,0.7425467758124866,0.49830016402480054,0.6204234699186436,0.7146892547607422,103446,0.23656695938529088,62,237,0.0,0.0026117136724153056,0.0,0.0
224,discovery,cat-girl,2,00000.jpg,00059.jpg,visible_selector,OFF/OFF,0.7425467758124866,0.49830016402480054,0.6204234699186436,0.7146892547607422,103446,0.23656695938529088,62,237,0.0,0.0026117136724153056,0.0,0.0
224,discovery,cat-girl,2,00000.jpg,00059.jpg,best_fixed,OFF/ALL,0.7399350621400713,0.49830016402480054,0.6191176130824358,0.7146892547607422,103446,0.23656695938529088,62,237,-0.0026117136724153056,0.0,-0.0026117136724153056,0.0
224,discovery,classic-car,1,00000.jpg,00021.jpg,OFF,OFF/OFF,0.3263802210130063,0.2124956624374048,0.2694379417252056,0.398977667093277,286252,0.6983118657298986,182,708,0.0,-0.00019461310913904128,0.0,0.004524754787482488
224,discovery,classic-car,1,00000.jpg,00021.jpg,trajectory_oracle,ALL/OFF,0.3309049758004888,0.2099219172841229,0.27041344654230587,0.4027441442012787,286252,0.6983118657298986,182,708,0.004524754787482488,0.0043301416783434465,0.004524754787482488,0.004524754787482488
224,discovery,classic-car,1,00000.jpg,00021.jpg,best_constant_oracle,OFF/OFF,0.3263802210130063,0.2124956624374048,0.2694379417252056,0.398977667093277,286252,0.6983118657298986,182,708,0.0,-0.00019461310913904128,0.0,0.004524754787482488
224,discovery,classic-car,1,00000.jpg,00021.jpg,A/A,A/A,0.32632062074833246,0.21245760109574885,0.2693891109220406,0.398977667093277,286252,0.6983118657298986,182,708,-5.9600264673831393e-05,-0.0002542133738128727,-5.9600264673831393e-05,0.004524754787482488
224,discovery,classic-car,1,00000.jpg,00021.jpg,B/B,B/B,0.3263802210130063,0.2124956624374048,0.2694379417252056,0.398977667093277,286252,0.6983118657298986,182,708,0.0,-0.00019461310913904128,0.0,0.004524754787482488
224,discovery,classic-car,1,00000.jpg,00021.jpg,ALL/ALL,ALL/ALL,0.3253275078212344,0.21173836355795614,0.26853293568959524,0.3970944583415985,286252,0.6983118657298986,182,708,-0.0010527131917719146,-0.0012473263009109559,-0.0010527131917719146,0.004524754787482488
224,discovery,classic-car,1,00000.jpg,00021.jpg,rgb_selector,OFF/OFF,0.3263802210130063,0.2124956624374048,0.2694379417252056,0.398977667093277,286252,0.6983118657298986,182,708,0.0,-0.00019461310913904128,0.0,0.004524754787482488
224,discovery,classic-car,1,00000.jpg,00021.jpg,visible_selector,OFF/OFF,0.3263802210130063,0.2124956624374048,0.2694379417252056,0.398977667093277,286252,0.6983118657298986,182,708,0.0,-0.00019461310913904128,0.0,0.004524754787482488
224,discovery,classic-car,1,00000.jpg,00021.jpg,best_fixed,OFF/ALL,0.32657483412214533,0.2121873563935269,0.2693810952578361,0.40086090564727783,286252,0.6983118657298986,182,708,0.00019461310913904128,0.0,0.00019461310913904128,0.004524754787482488
224,discovery,classic-car,2,00000.jpg,00042.jpg,OFF,OFF/OFF,0.2848957270747966,0.20441653759798628,0.2446561323363914,0.34150639176368713,279005,0.680632806401249,172,697,0.0,-0.008303936776139276,-0.008497907145149586,0.010256057175797473
224,discovery,classic-car,2,00000.jpg,00042.jpg,trajectory_oracle,B/ALL,0.2951517842505941,0.20940536984089606,0.2522785770457451,0.3519230782985687,279005,0.680632806401249,172,697,0.010256057175797473,0.001952120399658197,0.001758150030647887,0.010256057175797473
224,discovery,classic-car,2,00000.jpg,00042.jpg,best_constant_oracle,ALL/ALL,0.2933936342199462,0.2102003993639666,0.2517970167919564,0.3498397767543793,279005,0.680632806401249,172,697,0.008497907145149586,0.00019397036901031006,0.0,0.010256057175797473
224,discovery,classic-car,2,00000.jpg,00042.jpg,A/A,A/A,0.29119060748799863,0.20944310352320206,0.2503168555056004,0.34775641560554504,279005,0.680632806401249,172,697,0.006294880413202031,-0.002009056362937245,-0.002203026731947555,0.010256057175797473
224,discovery,classic-car,2,00000.jpg,00042.jpg,B/B,B/B,0.29051583580493284,0.2078406495170844,0.24917824266100863,0.34775641560554504,279005,0.680632806401249,172,697,0.005620108730136242,-0.002683828046003034,-0.002877798415013344,0.010256057175797473
224,discovery,classic-car,2,00000.jpg,00042.jpg,ALL/ALL,ALL/ALL,0.2933936342199462,0.2102003993639666,0.2517970167919564,0.3498397767543793,279005,0.680632806401249,172,697,0.008497907145149586,0.00019397036901031006,0.0,0.010256057175797473
224,discovery,classic-car,2,00000.jpg,00042.jpg,rgb_selector,OFF/OFF,0.2848957270747966,0.20441653759798628,0.2446561323363914,0.34150639176368713,279005,0.680632806401249,172,697,0.0,-0.008303936776139276,-0.008497907145149586,0.010256057175797473
224,discovery,classic-car,2,00000.jpg,00042.jpg,visible_selector,OFF/OFF,0.2848957270747966,0.20441653759798628,0.2446561323363914,0.34150639176368713,279005,0.680632806401249,172,697,0.0,-0.008303936776139276,-0.008497907145149586,0.010256057175797473
224,discovery,classic-car,2,00000.jpg,00042.jpg,best_fixed,OFF/ALL,0.2931996638509359,0.20919410430252872,0.2511968840767323,0.3498397767543793,279005,0.680632806401249,172,697,0.008303936776139276,0.0,-0.00019397036901031006,0.010256057175797473
224,discovery,color-run,1,00000.jpg,00028.jpg,OFF,OFF/OFF,0.6208845231849845,0.3566182932391578,0.4887514082120712,0.5791254043579102,240326,0.5862753708040593,150,600,0.0,-0.0004970228606155924,-0.0006396473197449737,0.0006396473197449737
224,discovery,color-run,1,00000.jpg,00028.jpg,trajectory_oracle,B/B,0.6215241705047295,0.3512339866188386,0.4863790785617841,0.5839342474937439,240326,0.5862753708040593,150,600,0.0006396473197449737,0.00014262445912938126,0.0,0.0006396473197449737
224,discovery,color-run,1,00000.jpg,00028.jpg,best_constant_oracle,B/B,0.6215241705047295,0.3512339866188386,0.4863790785617841,0.5839342474937439,240326,0.5862753708040593,150,600,0.0006396473197449737,0.00014262445912938126,0.0,0.0006396473197449737
224,discovery,color-run,1,00000.jpg,00028.jpg,A/A,A/A,0.6213815460456001,0.35126117003372154,0.48632135803966087,0.5839342474937439,240326,0.5862753708040593,150,600,0.0004970228606155924,0.0,-0.00014262445912938126,0.0006396473197449737
224,discovery,color-run,1,00000.jpg,00028.jpg,B/B,B/B,0.6215241705047295,0.3512339866188386,0.4863790785617841,0.5839342474937439,240326,0.5862753708040593,150,600,0.0006396473197449737,0.00014262445912938126,0.0,0.0006396473197449737
224,discovery,color-run,1,00000.jpg,00028.jpg,ALL/ALL,ALL/ALL,0.6138003178301953,0.3489055257749742,0.4813529218025847,0.5766339898109436,240326,0.5862753708040593,150,600,-0.007084205354789264,-0.007581228215404856,-0.007723852674534237,0.0006396473197449737
224,discovery,color-run,1,00000.jpg,00028.jpg,rgb_selector,OFF/OFF,0.6208845231849845,0.3566182932391578,0.4887514082120712,0.5791254043579102,240326,0.5862753708040593,150,600,0.0,-0.0004970228606155924,-0.0006396473197449737,0.0006396473197449737
224,discovery,color-run,1,00000.jpg,00028.jpg,visible_selector,OFF/OFF,0.6208845231849845,0.3566182932391578,0.4887514082120712,0.5791254043579102,240326,0.5862753708040593,150,600,0.0,-0.0004970228606155924,-0.0006396473197449737,0.0006396473197449737
224,discovery,color-run,1,00000.jpg,00028.jpg,best_fixed,OFF/ALL,0.6213815460456001,0.35126117003372154,0.48632135803966087,0.5839342474937439,240326,0.5862753708040593,150,600,0.0004970228606155924,0.0,-0.00014262445912938126,0.0006396473197449737
224,discovery,color-run,2,00000.jpg,00056.jpg,OFF,OFF/OFF,0.44054290804136925,0.2803970725284987,0.36046999028493404,0.45236238837242126,259183,0.6322770296643248,160,650,0.0,0.004329700935361225,-0.0018272482187581818,0.0018272482187581818
224,discovery,color-run,2,00000.jpg,00056.jpg,trajectory_oracle,A/A,0.44237015626012743,0.296906630359345,0.36963839330973625,0.4501495063304901,259183,0.6322770296643248,160,650,0.0018272482187581818,0.006156949154119407,0.0,0.0018272482187581818
224,discovery,color-run,2,00000.jpg,00056.jpg,best_constant_oracle,A/A,0.44237015626012743,0.296906630359345,0.36963839330973625,0.4501495063304901,259183,0.6322770296643248,160,650,0.0018272482187581818,0.006156949154119407,0.0,0.0018272482187581818
224,discovery,color-run,2,00000.jpg,00056.jpg,A/A,A/A,0.44237015626012743,0.296906630359345,0.36963839330973625,0.4501495063304901,259183,0.6322770296643248,160,650,0.0018272482187581818,0.006156949154119407,0.0,0.0018272482187581818
224,discovery,color-run,2,00000.jpg,00056.jpg,B/B,B/B,0.4136027192913516,0.275548574119008,0.34457564670517987,0.42499223351478577,259183,0.6322770296643248,160,650,-0.026940188750017635,-0.02261048781465641,-0.028767436968775817,0.0018272482187581818
224,discovery,color-run,2,00000.jpg,00056.jpg,ALL/ALL,ALL/ALL,0.41290957979856463,0.2761690683694255,0.34453932408399507,0.42208054661750793,259183,0.6322770296643248,160,650,-0.027633328242804622,-0.023303627307443397,-0.029460576461562804,0.0018272482187581818
224,discovery,color-run,2,00000.jpg,00056.jpg,rgb_selector,OFF/OFF,0.44054290804136925,0.2803970725284987,0.36046999028493404,0.45236238837242126,259183,0.6322770296643248,160,650,0.0,0.004329700935361225,-0.0018272482187581818,0.0018272482187581818
224,discovery,color-run,2,00000.jpg,00056.jpg,visible_selector,OFF/OFF,0.44054290804136925,0.2803970725284987,0.36046999028493404,0.45236238837242126,259183,0.6322770296643248,160,650,0.0,0.004329700935361225,-0.0018272482187581818,0.0018272482187581818
224,discovery,color-run,2,00000.jpg,00056.jpg,best_fixed,OFF/ALL,0.436213207106008,0.2869427508809904,0.3615779789934992,0.44659242033958435,259183,0.6322770296643248,160,650,-0.004329700935361225,0.0,-0.006156949154119407,0.0018272482187581818
224,discovery,dancing,1,00000.jpg,00020.jpg,OFF,OFF/OFF,0.42814492015342714,0.410610196974931,0.4193775585641791,0.5023148059844971,44267,0.10798936377829821,24,109,0.0,-0.020745299991141497,-0.0038510227197016134,0.020745299991141497
224,discovery,dancing,1,00000.jpg,00020.jpg,trajectory_oracle,OFF/ALL,0.44889022014456864,0.4177645992987202,0.4333274097216444,0.5231481194496155,44267,0.10798936377829821,24,109,0.020745299991141497,0.0,0.016894277271439884,0.020745299991141497
224,discovery,dancing,1,00000.jpg,00020.jpg,best_constant_oracle,A/A,0.43199594287312876,0.4116600833876836,0.4218280131304062,0.5023148059844971,44267,0.10798936377829821,24,109,0.0038510227197016134,-0.016894277271439884,0.0,0.020745299991141497
224,discovery,dancing,1,00000.jpg,00020.jpg,A/A,A/A,0.43199594287312876,0.4116600833876836,0.4218280131304062,0.5023148059844971,44267,0.10798936377829821,24,109,0.0038510227197016134,-0.016894277271439884,0.0,0.020745299991141497
224,discovery,dancing,1,00000.jpg,00020.jpg,B/B,B/B,0.43199594287312876,0.4116600833876836,0.4218280131304062,0.5023148059844971,44267,0.10798936377829821,24,109,0.0038510227197016134,-0.016894277271439884,0.0,0.020745299991141497
224,discovery,dancing,1,00000.jpg,00020.jpg,ALL/ALL,ALL/ALL,0.42377698880300924,0.38736633175676616,0.4055716602798876,0.4814814627170563,44267,0.10798936377829821,24,109,-0.0043679313504179085,-0.025113231341559406,-0.008218954070119522,0.020745299991141497
224,discovery,dancing,1,00000.jpg,00020.jpg,rgb_selector,OFF/OFF,0.42814492015342714,0.410610196974931,0.4193775585641791,0.5023148059844971,44267,0.10798936377829821,24,109,0.0,-0.020745299991141497,-0.0038510227197016134,0.020745299991141497
224,discovery,dancing,1,00000.jpg,00020.jpg,visible_selector,OFF/OFF,0.42814492015342714,0.410610196974931,0.4193775585641791,0.5023148059844971,44267,0.10798936377829821,24,109,0.0,-0.020745299991141497,-0.0038510227197016134,0.020745299991141497
224,discovery,dancing,1,00000.jpg,00020.jpg,best_fixed,OFF/ALL,0.44889022014456864,0.4177645992987202,0.4333274097216444,0.5231481194496155,44267,0.10798936377829821,24,109,0.020745299991141497,0.0,0.016894277271439884,0.020745299991141497
224,discovery,dancing,2,00000.jpg,00041.jpg,OFF,OFF/OFF,0.39905761126058675,0.3159060222886734,0.3574818167746301,0.3717709481716156,67950,0.16576405152224824,44,169,0.0,-0.010749385604756967,-0.016209266647051912,0.016209266647051912
224,discovery,dancing,2,00000.jpg,00041.jpg,trajectory_oracle,ALL/ALL,0.41526687790763867,0.32667338390965545,0.37097013090864706,0.3717709481716156,67950,0.16576405152224824,44,169,0.016209266647051912,0.005459881042294945,0.0,0.016209266647051912
224,discovery,dancing,2,00000.jpg,00041.jpg,best_constant_oracle,ALL/ALL,0.41526687790763867,0.32667338390965545,0.37097013090864706,0.3717709481716156,67950,0.16576405152224824,44,169,0.016209266647051912,0.005459881042294945,0.0,0.016209266647051912
224,discovery,dancing,2,00000.jpg,00041.jpg,A/A,A/A,0.4146632865389952,0.3265702023306716,0.3706167444348334,0.3717709481716156,67950,0.16576405152224824,44,169,0.015605675278408448,0.0048562896736514816,-0.0006035913686434635,0.016209266647051912
224,discovery,dancing,2,00000.jpg,00041.jpg,B/B,B/B,0.4146632865389952,0.3265702023306716,0.3706167444348334,0.3717709481716156,67950,0.16576405152224824,44,169,0.015605675278408448,0.0048562896736514816,-0.0006035913686434635,0.016209266647051912
224,discovery,dancing,2,00000.jpg,00041.jpg,ALL/ALL,ALL/ALL,0.41526687790763867,0.32667338390965545,0.37097013090864706,0.3717709481716156,67950,0.16576405152224824,44,169,0.016209266647051912,0.005459881042294945,0.0,0.016209266647051912
224,discovery,dancing,2,00000.jpg,00041.jpg,rgb_selector,OFF/OFF,0.39905761126058675,0.3159060222886734,0.3574818167746301,0.3717709481716156,67950,0.16576405152224824,44,169,0.0,-0.010749385604756967,-0.016209266647051912,0.016209266647051912
224,discovery,dancing,2,00000.jpg,00041.jpg,visible_selector,OFF/OFF,0.39905761126058675,0.3159060222886734,0.3574818167746301,0.3717709481716156,67950,0.16576405152224824,44,169,0.0,-0.010749385604756967,-0.016209266647051912,0.016209266647051912
224,discovery,dancing,2,00000.jpg,00041.jpg,best_fixed,OFF/ALL,0.4098069968653437,0.3272284086453033,0.3685177027553235,0.3717709481716156,67950,0.16576405152224824,44,169,0.010749385604756967,0.0,-0.005459881042294945,0.016209266647051912
224,discovery,drone,1,00000.jpg,00030.jpg,OFF,OFF/OFF,0.4,0.4,0.4,0.0,11490,0.028029859484777517,8,27,0.0,0.0,0.0,0.0
224,discovery,drone,1,00000.jpg,00030.jpg,trajectory_oracle,OFF/OFF,0.4,0.4,0.4,0.0,11490,0.028029859484777517,8,27,0.0,0.0,0.0,0.0
224,discovery,drone,1,00000.jpg,00030.jpg,best_constant_oracle,OFF/OFF,0.4,0.4,0.4,0.0,11490,0.028029859484777517,8,27,0.0,0.0,0.0,0.0
224,discovery,drone,1,00000.jpg,00030.jpg,A/A,A/A,0.4,0.4,0.4,0.0,11490,0.028029859484777517,8,27,0.0,0.0,0.0,0.0
224,discovery,drone,1,00000.jpg,00030.jpg,B/B,B/B,0.4,0.4,0.4,0.0,11490,0.028029859484777517,8,27,0.0,0.0,0.0,0.0
224,discovery,drone,1,00000.jpg,00030.jpg,ALL/ALL,ALL/ALL,0.4,0.4,0.4,0.0,11490,0.028029859484777517,8,27,0.0,0.0,0.0,0.0
224,discovery,drone,1,00000.jpg,00030.jpg,rgb_selector,OFF/OFF,0.4,0.4,0.4,0.0,11490,0.028029859484777517,8,27,0.0,0.0,0.0,0.0
224,discovery,drone,1,00000.jpg,00030.jpg,visible_selector,OFF/OFF,0.4,0.4,0.4,0.0,11490,0.028029859484777517,8,27,0.0,0.0,0.0,0.0
224,discovery,drone,1,00000.jpg,00030.jpg,best_fixed,OFF/ALL,0.4,0.4,0.4,0.0,11490,0.028029859484777517,8,27,0.0,0.0,0.0,0.0
224,discovery,drone,2,00000.jpg,00060.jpg,OFF,OFF/OFF,0.2900627484312892,0.2406955993838881,0.2653791739075887,0.10817307978868484,140024,0.3415886026541764,87,354,0.0,-0.002946656548261095,-0.002946656548261095,0.003301653746055788
224,discovery,drone,2,00000.jpg,00060.jpg,trajectory_oracle,B/OFF,0.293364402177345,0.2461726384364821,0.26976852030691356,0.1116504818201065,140024,0.3415886026541764,87,354,0.003301653746055788,0.0003549971977946931,0.0003549971977946931,0.003301653746055788
224,discovery,drone,2,00000.jpg,00060.jpg,best_constant_oracle,ALL/ALL,0.2930094049795503,0.2444952310817568,0.2687523180306536,0.1116504818201065,140024,0.3415886026541764,87,354,0.002946656548261095,0.0,0.0,0.003301653746055788
224,discovery,drone,2,00000.jpg,00060.jpg,A/A,A/A,0.2924702840117677,0.24360394241938782,0.26803711321557777,0.11057692021131516,140024,0.3415886026541764,87,354,0.002407535580478515,-0.0005391209677825803,-0.0005391209677825803,0.003301653746055788
224,discovery,drone,2,00000.jpg,00060.jpg,B/B,B/B,0.2925327049646543,0.24360394241938782,0.26806832369202105,0.11057692021131516,140024,0.3415886026541764,87,354,0.0024699565333650697,-0.0004767000148960254,-0.0004767000148960254,0.003301653746055788
224,discovery,drone,2,00000.jpg,00060.jpg,ALL/ALL,ALL/ALL,0.2930094049795503,0.2444952310817568,0.2687523180306536,0.1116504818201065,140024,0.3415886026541764,87,354,0.002946656548261095,0.0,0.0,0.003301653746055788
224,discovery,drone,2,00000.jpg,00060.jpg,rgb_selector,OFF/OFF,0.2900627484312892,0.2406955993838881,0.2653791739075887,0.10817307978868484,140024,0.3415886026541764,87,354,0.0,-0.002946656548261095,-0.002946656548261095,0.003301653746055788
224,discovery,drone,2,00000.jpg,00060.jpg,visible_selector,OFF/OFF,0.2900627484312892,0.2406955993838881,0.2653791739075887,0.10817307978868484,140024,0.3415886026541764,87,354,0.0,-0.002946656548261095,-0.002946656548261095,0.003301653746055788
224,discovery,drone,2,00000.jpg,00060.jpg,best_fixed,OFF/ALL,0.2930094049795503,0.2444952310817568,0.2687523180306536,0.1116504818201065,140024,0.3415886026541764,87,354,0.002946656548261095,0.0,0.0,0.003301653746055788
224,discovery,lindy-hop,1,00000.jpg,00024.jpg,OFF,OFF/OFF,0.11494970322255232,0.10607265952090221,0.11051118137172727,0.25102514028549194,100895,0.2461333918813427,66,248,0.0,-0.0006033173350834115,-0.0006033173350834115,0.0006033173350834115
224,discovery,lindy-hop,1,00000.jpg,00024.jpg,trajectory_oracle,OFF/ALL,0.11555302055763574,0.11115224577586973,0.11335263316675273,0.25697752833366394,100895,0.2461333918813427,66,248,0.0006033173350834115,0.0,0.0,0.0006033173350834115
224,discovery,lindy-hop,1,00000.jpg,00024.jpg,best_constant_oracle,A/A,0.11555302055763574,0.11115224577586973,0.11335263316675273,0.25697752833366394,100895,0.2461333918813427,66,248,0.0006033173350834115,0.0,0.0,0.0006033173350834115
224,discovery,lindy-hop,1,00000.jpg,00024.jpg,A/A,A/A,0.11555302055763574,0.11115224577586973,0.11335263316675273,0.25697752833366394,100895,0.2461333918813427,66,248,0.0006033173350834115,0.0,0.0,0.0006033173350834115
224,discovery,lindy-hop,1,00000.jpg,00024.jpg,B/B,B/B,0.11554015253210558,0.11115224577586973,0.11334619915398766,0.25697752833366394,100895,0.2461333918813427,66,248,0.0005904493095532509,-1.2868025530160532e-05,-1.2868025530160532e-05,0.0006033173350834115
224,discovery,lindy-hop,1,00000.jpg,00024.jpg,ALL/ALL,ALL/ALL,0.11067860909109828,0.1110472660647872,0.11086293757794273,0.2588624358177185,100895,0.2461333918813427,66,248,-0.004271094131454045,-0.004874411466537457,-0.004874411466537457,0.0006033173350834115
224,discovery,lindy-hop,1,00000.jpg,00024.jpg,rgb_selector,OFF/OFF,0.11494970322255232,0.10607265952090221,0.11051118137172727,0.25102514028549194,100895,0.2461333918813427,66,248,0.0,-0.0006033173350834115,-0.0006033173350834115,0.0006033173350834115
224,discovery,lindy-hop,1,00000.jpg,00024.jpg,visible_selector,OFF/OFF,0.11494970322255232,0.10607265952090221,0.11051118137172727,0.25102514028549194,100895,0.2461333918813427,66,248,0.0,-0.0006033173350834115,-0.0006033173350834115,0.0006033173350834115
224,discovery,lindy-hop,1,00000.jpg,00024.jpg,best_fixed,OFF/ALL,0.11555302055763574,0.11115224577586973,0.11335263316675273,0.25697752833366394,100895,0.2461333918813427,66,248,0.0006033173350834115,0.0,0.0,0.0006033173350834115
224,discovery,lindy-hop,2,00000.jpg,00048.jpg,OFF,OFF/OFF,0.08767725115613909,0.18003786403150357,0.13385755759382134,0.1752309948205948,121780,0.2970823575331772,77,309,0.0,7.205402992051246e-05,0.0,0.0
224,discovery,lindy-hop,2,00000.jpg,00048.jpg,trajectory_oracle,OFF/OFF,0.08767725115613909,0.18003786403150357,0.13385755759382134,0.1752309948205948,121780,0.2970823575331772,77,309,0.0,7.205402992051246e-05,0.0,0.0
224,discovery,lindy-hop,2,00000.jpg,00048.jpg,best_constant_oracle,OFF/OFF,0.08767725115613909,0.18003786403150357,0.13385755759382134,0.1752309948205948,121780,0.2970823575331772,77,309,0.0,7.205402992051246e-05,0.0,0.0
224,discovery,lindy-hop,2,00000.jpg,00048.jpg,A/A,A/A,0.08767725115613909,0.18003786403150357,0.13385755759382134,0.1752309948205948,121780,0.2970823575331772,77,309,0.0,7.205402992051246e-05,0.0,0.0
224,discovery,lindy-hop,2,00000.jpg,00048.jpg,B/B,B/B,0.08767725115613909,0.18003786403150357,0.13385755759382134,0.1752309948205948,121780,0.2970823575331772,77,309,0.0,7.205402992051246e-05,0.0,0.0
224,discovery,lindy-hop,2,00000.jpg,00048.jpg,ALL/ALL,ALL/ALL,0.08767725115613909,0.18003786403150357,0.13385755759382134,0.1752309948205948,121780,0.2970823575331772,77,309,0.0,7.205402992051246e-05,0.0,0.0
224,discovery,lindy-hop,2,00000.jpg,00048.jpg,rgb_selector,OFF/OFF,0.08767725115613909,0.18003786403150357,0.13385755759382134,0.1752309948205948,121780,0.2970823575331772,77,309,0.0,7.205402992051246e-05,0.0,0.0
224,discovery,lindy-hop,2,00000.jpg,00048.jpg,visible_selector,OFF/OFF,0.08767725115613909,0.18003786403150357,0.13385755759382134,0.1752309948205948,121780,0.2970823575331772,77,309,0.0,7.205402992051246e-05,0.0,0.0
224,discovery,lindy-hop,2,00000.jpg,00048.jpg,best_fixed,OFF/ALL,0.08760519712621857,0.17981105657117064,0.1337081268486946,0.1742890626192093,121780,0.2970823575331772,77,309,-7.205402992051246e-05,0.0,-7.205402992051246e-05,0.0
224,discovery,lucia,1,00000.jpg,00023.jpg,OFF,OFF/OFF,0.5519749640531169,0.2908414559495221,0.42140821000131945,0.625,20142,0.049136416861826696,13,49,0.0,0.0,0.0,0.0
224,discovery,lucia,1,00000.jpg,00023.jpg,trajectory_oracle,OFF/OFF,0.5519749640531169,0.2908414559495221,0.42140821000131945,0.625,20142,0.049136416861826696,13,49,0.0,0.0,0.0,0.0
224,discovery,lucia,1,00000.jpg,00023.jpg,best_constant_oracle,OFF/OFF,0.5519749640531169,0.2908414559495221,0.42140821000131945,0.625,20142,0.049136416861826696,13,49,0.0,0.0,0.0,0.0
224,discovery,lucia,1,00000.jpg,00023.jpg,A/A,A/A,0.5519749640531169,0.2908414559495221,0.42140821000131945,0.625,20142,0.049136416861826696,13,49,0.0,0.0,0.0,0.0
224,discovery,lucia,1,00000.jpg,00023.jpg,B/B,B/B,0.5519749640531169,0.2908414559495221,0.42140821000131945,0.625,20142,0.049136416861826696,13,49,0.0,0.0,0.0,0.0
224,discovery,lucia,1,00000.jpg,00023.jpg,ALL/ALL,ALL/ALL,0.5519749640531169,0.2908414559495221,0.42140821000131945,0.625,20142,0.049136416861826696,13,49,0.0,0.0,0.0,0.0
224,discovery,lucia,1,00000.jpg,00023.jpg,rgb_selector,OFF/OFF,0.5519749640531169,0.2908414559495221,0.42140821000131945,0.625,20142,0.049136416861826696,13,49,0.0,0.0,0.0,0.0
224,discovery,lucia,1,00000.jpg,00023.jpg,visible_selector,OFF/OFF,0.5519749640531169,0.2908414559495221,0.42140821000131945,0.625,20142,0.049136416861826696,13,49,0.0,0.0,0.0,0.0
224,discovery,lucia,1,00000.jpg,00023.jpg,best_fixed,OFF/ALL,0.5519749640531169,0.2908414559495221,0.42140821000131945,0.625,20142,0.049136416861826696,13,49,0.0,0.0,0.0,0.0
224,discovery,lucia,2,00000.jpg,00046.jpg,OFF,OFF/OFF,0.5697194131890044,0.4846011353005415,0.527160274244773,0.625,18486,0.04509660421545667,13,46,0.0,0.0,0.0,0.0
224,discovery,lucia,2,00000.jpg,00046.jpg,trajectory_oracle,OFF/OFF,0.5697194131890044,0.4846011353005415,0.527160274244773,0.625,18486,0.04509660421545667,13,46,0.0,0.0,0.0,0.0
224,discovery,lucia,2,00000.jpg,00046.jpg,best_constant_oracle,OFF/OFF,0.5697194131890044,0.4846011353005415,0.527160274244773,0.625,18486,0.04509660421545667,13,46,0.0,0.0,0.0,0.0
224,discovery,lucia,2,00000.jpg,00046.jpg,A/A,A/A,0.5697194131890044,0.4846011353005415,0.527160274244773,0.625,18486,0.04509660421545667,13,46,0.0,0.0,0.0,0.0
224,discovery,lucia,2,00000.jpg,00046.jpg,B/B,B/B,0.5697194131890044,0.4846011353005415,0.527160274244773,0.625,18486,0.04509660421545667,13,46,0.0,0.0,0.0,0.0
224,discovery,lucia,2,00000.jpg,00046.jpg,ALL/ALL,ALL/ALL,0.5697194131890044,0.4846011353005415,0.527160274244773,0.625,18486,0.04509660421545667,13,46,0.0,0.0,0.0,0.0
224,discovery,lucia,2,00000.jpg,00046.jpg,rgb_selector,OFF/OFF,0.5697194131890044,0.4846011353005415,0.527160274244773,0.625,18486,0.04509660421545667,13,46,0.0,0.0,0.0,0.0
224,discovery,lucia,2,00000.jpg,00046.jpg,visible_selector,OFF/OFF,0.5697194131890044,0.4846011353005415,0.527160274244773,0.625,18486,0.04509660421545667,13,46,0.0,0.0,0.0,0.0
224,discovery,lucia,2,00000.jpg,00046.jpg,best_fixed,OFF/ALL,0.5697194131890044,0.4846011353005415,0.527160274244773,0.625,18486,0.04509660421545667,13,46,0.0,0.0,0.0,0.0
224,discovery,motocross-bumps,1,00000.jpg,00020.jpg,OFF,OFF/OFF,0.0,0.0,0.0,0.0714285746216774,16725,0.040800644028103045,13,41,0.0,0.0,0.0,0.0
224,discovery,motocross-bumps,1,00000.jpg,00020.jpg,trajectory_oracle,OFF/OFF,0.0,0.0,0.0,0.0714285746216774,16725,0.040800644028103045,13,41,0.0,0.0,0.0,0.0
224,discovery,motocross-bumps,1,00000.jpg,00020.jpg,best_constant_oracle,OFF/OFF,0.0,0.0,0.0,0.0714285746216774,16725,0.040800644028103045,13,41,0.0,0.0,0.0,0.0
224,discovery,motocross-bumps,1,00000.jpg,00020.jpg,A/A,A/A,0.0,0.0,0.0,0.0714285746216774,16725,0.040800644028103045,13,41,0.0,0.0,0.0,0.0
224,discovery,motocross-bumps,1,00000.jpg,00020.jpg,B/B,B/B,0.0,0.0,0.0,0.0714285746216774,16725,0.040800644028103045,13,41,0.0,0.0,0.0,0.0
224,discovery,motocross-bumps,1,00000.jpg,00020.jpg,ALL/ALL,ALL/ALL,0.0,0.0,0.0,0.0714285746216774,16725,0.040800644028103045,13,41,0.0,0.0,0.0,0.0
224,discovery,motocross-bumps,1,00000.jpg,00020.jpg,rgb_selector,OFF/OFF,0.0,0.0,0.0,0.0714285746216774,16725,0.040800644028103045,13,41,0.0,0.0,0.0,0.0
224,discovery,motocross-bumps,1,00000.jpg,00020.jpg,visible_selector,OFF/OFF,0.0,0.0,0.0,0.0714285746216774,16725,0.040800644028103045,13,41,0.0,0.0,0.0,0.0
224,discovery,motocross-bumps,1,00000.jpg,00020.jpg,best_fixed,OFF/ALL,0.0,0.0,0.0,0.0714285746216774,16725,0.040800644028103045,13,41,0.0,0.0,0.0,0.0
224,discovery,motocross-bumps,2,00000.jpg,00040.jpg,OFF,OFF/OFF,0.0,0.0,0.0,0.2068965584039688,121033,0.2952600507416081,78,297,0.0,0.0,0.0,0.0
224,discovery,motocross-bumps,2,00000.jpg,00040.jpg,trajectory_oracle,OFF/OFF,0.0,0.0,0.0,0.2068965584039688,121033,0.2952600507416081,78,297,0.0,0.0,0.0,0.0
224,discovery,motocross-bumps,2,00000.jpg,00040.jpg,best_constant_oracle,OFF/OFF,0.0,0.0,0.0,0.2068965584039688,121033,0.2952600507416081,78,297,0.0,0.0,0.0,0.0
224,discovery,motocross-bumps,2,00000.jpg,00040.jpg,A/A,A/A,0.0,0.0,0.0,0.20000000298023224,121033,0.2952600507416081,78,297,0.0,0.0,0.0,0.0
224,discovery,motocross-bumps,2,00000.jpg,00040.jpg,B/B,B/B,0.0,0.0,0.0,0.20000000298023224,121033,0.2952600507416081,78,297,0.0,0.0,0.0,0.0
224,discovery,motocross-bumps,2,00000.jpg,00040.jpg,ALL/ALL,ALL/ALL,0.0,0.0,0.0,0.2068965584039688,121033,0.2952600507416081,78,297,0.0,0.0,0.0,0.0
224,discovery,motocross-bumps,2,00000.jpg,00040.jpg,rgb_selector,OFF/OFF,0.0,0.0,0.0,0.2068965584039688,121033,0.2952600507416081,78,297,0.0,0.0,0.0,0.0
224,discovery,motocross-bumps,2,00000.jpg,00040.jpg,visible_selector,OFF/OFF,0.0,0.0,0.0,0.2068965584039688,121033,0.2952600507416081,78,297,0.0,0.0,0.0,0.0
224,discovery,motocross-bumps,2,00000.jpg,00040.jpg,best_fixed,OFF/ALL,0.0,0.0,0.0,0.20000000298023224,121033,0.2952600507416081,78,297,0.0,0.0,0.0,0.0
224,discovery,paragliding,1,00000.jpg,00023.jpg,OFF,OFF/OFF,0.30191925876902714,0.32914021927293713,0.31552973902098214,0.4000000059604645,8025,0.019576990632318502,5,21,0.0,0.0,0.0,0.0
224,discovery,paragliding,1,00000.jpg,00023.jpg,trajectory_oracle,OFF/OFF,0.30191925876902714,0.32914021927293713,0.31552973902098214,0.4000000059604645,8025,0.019576990632318502,5,21,0.0,0.0,0.0,0.0
224,discovery,paragliding,1,00000.jpg,00023.jpg,best_constant_oracle,OFF/OFF,0.30191925876902714,0.32914021927293713,0.31552973902098214,0.4000000059604645,8025,0.019576990632318502,5,21,0.0,0.0,0.0,0.0
224,discovery,paragliding,1,00000.jpg,00023.jpg,A/A,A/A,0.30191925876902714,0.32914021927293713,0.31552973902098214,0.4000000059604645,8025,0.019576990632318502,5,21,0.0,0.0,0.0,0.0
224,discovery,paragliding,1,00000.jpg,00023.jpg,B/B,B/B,0.30191925876902714,0.32914021927293713,0.31552973902098214,0.4000000059604645,8025,0.019576990632318502,5,21,0.0,0.0,0.0,0.0
224,discovery,paragliding,1,00000.jpg,00023.jpg,ALL/ALL,ALL/ALL,0.30191925876902714,0.32914021927293713,0.31552973902098214,0.4000000059604645,8025,0.019576990632318502,5,21,0.0,0.0,0.0,0.0
224,discovery,paragliding,1,00000.jpg,00023.jpg,rgb_selector,OFF/OFF,0.30191925876902714,0.32914021927293713,0.31552973902098214,0.4000000059604645,8025,0.019576990632318502,5,21,0.0,0.0,0.0,0.0
224,discovery,paragliding,1,00000.jpg,00023.jpg,visible_selector,OFF/OFF,0.30191925876902714,0.32914021927293713,0.31552973902098214,0.4000000059604645,8025,0.019576990632318502,5,21,0.0,0.0,0.0,0.0
224,discovery,paragliding,1,00000.jpg,00023.jpg,best_fixed,OFF/ALL,0.30191925876902714,0.32914021927293713,0.31552973902098214,0.4000000059604645,8025,0.019576990632318502,5,21,0.0,0.0,0.0,0.0
224,discovery,paragliding,2,00000.jpg,00046.jpg,OFF,OFF/OFF,0.26980031411263183,0.21316390333744012,0.24148210872503598,0.5,7585,0.018503610460577673,6,19,0.0,0.0,0.0,0.0
224,discovery,paragliding,2,00000.jpg,00046.jpg,trajectory_oracle,OFF/OFF,0.26980031411263183,0.21316390333744012,0.24148210872503598,0.5,7585,0.018503610460577673,6,19,0.0,0.0,0.0,0.0
224,discovery,paragliding,2,00000.jpg,00046.jpg,best_constant_oracle,OFF/OFF,0.26980031411263183,0.21316390333744012,0.24148210872503598,0.5,7585,0.018503610460577673,6,19,0.0,0.0,0.0,0.0
224,discovery,paragliding,2,00000.jpg,00046.jpg,A/A,A/A,0.26980031411263183,0.21316390333744012,0.24148210872503598,0.5,7585,0.018503610460577673,6,19,0.0,0.0,0.0,0.0
224,discovery,paragliding,2,00000.jpg,00046.jpg,B/B,B/B,0.26980031411263183,0.21316390333744012,0.24148210872503598,0.5,7585,0.018503610460577673,6,19,0.0,0.0,0.0,0.0
224,discovery,paragliding,2,00000.jpg,00046.jpg,ALL/ALL,ALL/ALL,0.26980031411263183,0.21316390333744012,0.24148210872503598,0.5,7585,0.018503610460577673,6,19,0.0,0.0,0.0,0.0
224,discovery,paragliding,2,00000.jpg,00046.jpg,rgb_selector,OFF/OFF,0.26980031411263183,0.21316390333744012,0.24148210872503598,0.5,7585,0.018503610460577673,6,19,0.0,0.0,0.0,0.0
224,discovery,paragliding,2,00000.jpg,00046.jpg,visible_selector,OFF/OFF,0.26980031411263183,0.21316390333744012,0.24148210872503598,0.5,7585,0.018503610460577673,6,19,0.0,0.0,0.0,0.0
224,discovery,paragliding,2,00000.jpg,00046.jpg,best_fixed,OFF/ALL,0.26980031411263183,0.21316390333744012,0.24148210872503598,0.5,7585,0.018503610460577673,6,19,0.0,0.0,0.0,0.0
224,discovery,sheep,1,00000.jpg,00022.jpg,OFF,OFF/OFF,0.19948007596989653,0.23088337721283106,0.21518172659136375,0.23111112415790558,25575,0.0623902224824356,13,69,0.0,0.0011916435858992935,0.0,0.0
224,discovery,sheep,1,00000.jpg,00022.jpg,trajectory_oracle,OFF/OFF,0.19948007596989653,0.23088337721283106,0.21518172659136375,0.23111112415790558,25575,0.0623902224824356,13,69,0.0,0.0011916435858992935,0.0,0.0
224,discovery,sheep,1,00000.jpg,00022.jpg,best_constant_oracle,OFF/OFF,0.19948007596989653,0.23088337721283106,0.21518172659136375,0.23111112415790558,25575,0.0623902224824356,13,69,0.0,0.0011916435858992935,0.0,0.0
224,discovery,sheep,1,00000.jpg,00022.jpg,A/A,A/A,0.19828843238399724,0.22704230608166026,0.21266536923282872,0.23111112415790558,25575,0.0623902224824356,13,69,-0.0011916435858992935,0.0,-0.0011916435858992935,0.0
224,discovery,sheep,1,00000.jpg,00022.jpg,B/B,B/B,0.19948007596989653,0.23088337721283106,0.21518172659136375,0.23111112415790558,25575,0.0623902224824356,13,69,0.0,0.0011916435858992935,0.0,0.0
224,discovery,sheep,1,00000.jpg,00022.jpg,ALL/ALL,ALL/ALL,0.19948007596989653,0.23088337721283106,0.21518172659136375,0.23111112415790558,25575,0.0623902224824356,13,69,0.0,0.0011916435858992935,0.0,0.0
224,discovery,sheep,1,00000.jpg,00022.jpg,rgb_selector,OFF/OFF,0.19948007596989653,0.23088337721283106,0.21518172659136375,0.23111112415790558,25575,0.0623902224824356,13,69,0.0,0.0011916435858992935,0.0,0.0
224,discovery,sheep,1,00000.jpg,00022.jpg,visible_selector,OFF/OFF,0.19948007596989653,0.23088337721283106,0.21518172659136375,0.23111112415790558,25575,0.0623902224824356,13,69,0.0,0.0011916435858992935,0.0,0.0
224,discovery,sheep,1,00000.jpg,00022.jpg,best_fixed,OFF/ALL,0.19828843238399724,0.22704230608166026,0.21266536923282872,0.23111112415790558,25575,0.0623902224824356,13,69,-0.0011916435858992935,0.0,-0.0011916435858992935,0.0
224,discovery,sheep,2,00000.jpg,00045.jpg,OFF,OFF/OFF,0.13329172284984386,0.11519235967661165,0.12424204126322776,0.16428571939468384,24254,0.059167642466822795,17,67,0.0,0.0,0.0,0.0
224,discovery,sheep,2,00000.jpg,00045.jpg,trajectory_oracle,OFF/OFF,0.13329172284984386,0.11519235967661165,0.12424204126322776,0.16428571939468384,24254,0.059167642466822795,17,67,0.0,0.0,0.0,0.0
224,discovery,sheep,2,00000.jpg,00045.jpg,best_constant_oracle,OFF/OFF,0.13329172284984386,0.11519235967661165,0.12424204126322776,0.16428571939468384,24254,0.059167642466822795,17,67,0.0,0.0,0.0,0.0
224,discovery,sheep,2,00000.jpg,00045.jpg,A/A,A/A,0.13329172284984386,0.11519235967661165,0.12424204126322776,0.16428571939468384,24254,0.059167642466822795,17,67,0.0,0.0,0.0,0.0
224,discovery,sheep,2,00000.jpg,00045.jpg,B/B,B/B,0.13329172284984386,0.11519235967661165,0.12424204126322776,0.16428571939468384,24254,0.059167642466822795,17,67,0.0,0.0,0.0,0.0
224,discovery,sheep,2,00000.jpg,00045.jpg,ALL/ALL,ALL/ALL,0.13329172284984386,0.11519235967661165,0.12424204126322776,0.16428571939468384,24254,0.059167642466822795,17,67,0.0,0.0,0.0,0.0
224,discovery,sheep,2,00000.jpg,00045.jpg,rgb_selector,OFF/OFF,0.13329172284984386,0.11519235967661165,0.12424204126322776,0.16428571939468384,24254,0.059167642466822795,17,67,0.0,0.0,0.0,0.0
224,discovery,sheep,2,00000.jpg,00045.jpg,visible_selector,OFF/OFF,0.13329172284984386,0.11519235967661165,0.12424204126322776,0.16428571939468384,24254,0.059167642466822795,17,67,0.0,0.0,0.0,0.0
224,discovery,sheep,2,00000.jpg,00045.jpg,best_fixed,OFF/ALL,0.13329172284984386,0.11519235967661165,0.12424204126322776,0.16428571939468384,24254,0.059167642466822795,17,67,0.0,0.0,0.0,0.0
224,discovery,tractor-sand,1,00000.jpg,00025.jpg,OFF,OFF/OFF,0.42301229921942846,0.5188417004671025,0.47092699984326547,0.7777778506278992,15678,0.03824648711943794,10,35,0.0,0.0,0.0,0.0
224,discovery,tractor-sand,1,00000.jpg,00025.jpg,trajectory_oracle,OFF/OFF,0.42301229921942846,0.5188417004671025,0.47092699984326547,0.7777778506278992,15678,0.03824648711943794,10,35,0.0,0.0,0.0,0.0
224,discovery,tractor-sand,1,00000.jpg,00025.jpg,best_constant_oracle,OFF/OFF,0.42301229921942846,0.5188417004671025,0.47092699984326547,0.7777778506278992,15678,0.03824648711943794,10,35,0.0,0.0,0.0,0.0
224,discovery,tractor-sand,1,00000.jpg,00025.jpg,A/A,A/A,0.42301229921942846,0.5188417004671025,0.47092699984326547,0.7777778506278992,15678,0.03824648711943794,10,35,0.0,0.0,0.0,0.0
224,discovery,tractor-sand,1,00000.jpg,00025.jpg,B/B,B/B,0.42301229921942846,0.5188417004671025,0.47092699984326547,0.7777778506278992,15678,0.03824648711943794,10,35,0.0,0.0,0.0,0.0
224,discovery,tractor-sand,1,00000.jpg,00025.jpg,ALL/ALL,ALL/ALL,0.42301229921942846,0.5188417004671025,0.47092699984326547,0.7777778506278992,15678,0.03824648711943794,10,35,0.0,0.0,0.0,0.0
224,discovery,tractor-sand,1,00000.jpg,00025.jpg,rgb_selector,OFF/OFF,0.42301229921942846,0.5188417004671025,0.47092699984326547,0.7777778506278992,15678,0.03824648711943794,10,35,0.0,0.0,0.0,0.0
224,discovery,tractor-sand,1,00000.jpg,00025.jpg,visible_selector,OFF/OFF,0.42301229921942846,0.5188417004671025,0.47092699984326547,0.7777778506278992,15678,0.03824648711943794,10,35,0.0,0.0,0.0,0.0
224,discovery,tractor-sand,1,00000.jpg,00025.jpg,best_fixed,OFF/ALL,0.42301229921942846,0.5188417004671025,0.47092699984326547,0.7777778506278992,15678,0.03824648711943794,10,35,0.0,0.0,0.0,0.0
224,discovery,tractor-sand,2,00000.jpg,00050.jpg,OFF,OFF/OFF,0.13455066237021124,0.14509004417261298,0.1398203532714121,0.5,7316,0.017847384855581575,3,21,0.0,0.0,0.0,0.0
224,discovery,tractor-sand,2,00000.jpg,00050.jpg,trajectory_oracle,OFF/OFF,0.13455066237021124,0.14509004417261298,0.1398203532714121,0.5,7316,0.017847384855581575,3,21,0.0,0.0,0.0,0.0
224,discovery,tractor-sand,2,00000.jpg,00050.jpg,best_constant_oracle,OFF/OFF,0.13455066237021124,0.14509004417261298,0.1398203532714121,0.5,7316,0.017847384855581575,3,21,0.0,0.0,0.0,0.0
224,discovery,tractor-sand,2,00000.jpg,00050.jpg,A/A,A/A,0.13455066237021124,0.14509004417261298,0.1398203532714121,0.5,7316,0.017847384855581575,3,21,0.0,0.0,0.0,0.0
224,discovery,tractor-sand,2,00000.jpg,00050.jpg,B/B,B/B,0.13455066237021124,0.14509004417261298,0.1398203532714121,0.5,7316,0.017847384855581575,3,21,0.0,0.0,0.0,0.0
224,discovery,tractor-sand,2,00000.jpg,00050.jpg,ALL/ALL,ALL/ALL,0.13455066237021124,0.14509004417261298,0.1398203532714121,0.5,7316,0.017847384855581575,3,21,0.0,0.0,0.0,0.0
224,discovery,tractor-sand,2,00000.jpg,00050.jpg,rgb_selector,OFF/OFF,0.13455066237021124,0.14509004417261298,0.1398203532714121,0.5,7316,0.017847384855581575,3,21,0.0,0.0,0.0,0.0
224,discovery,tractor-sand,2,00000.jpg,00050.jpg,visible_selector,OFF/OFF,0.13455066237021124,0.14509004417261298,0.1398203532714121,0.5,7316,0.017847384855581575,3,21,0.0,0.0,0.0,0.0
224,discovery,tractor-sand,2,00000.jpg,00050.jpg,best_fixed,OFF/ALL,0.13455066237021124,0.14509004417261298,0.1398203532714121,0.5,7316,0.017847384855581575,3,21,0.0,0.0,0.0,0.0
224,validation,bear,1,00000.jpg,00027.jpg,OFF,OFF/OFF,0.7634667235660388,0.5383058643656331,0.650886293965836,0.7142857313156128,48160,0.11748633879781421,32,122,0.0,0.0,0.0,0.0
224,validation,bear,1,00000.jpg,00027.jpg,trajectory_oracle,OFF/OFF,0.7634667235660388,0.5383058643656331,0.650886293965836,0.7142857313156128,48160,0.11748633879781421,32,122,0.0,0.0,0.0,0.0
224,validation,bear,1,00000.jpg,00027.jpg,best_constant_oracle,OFF/OFF,0.7634667235660388,0.5383058643656331,0.650886293965836,0.7142857313156128,48160,0.11748633879781421,32,122,0.0,0.0,0.0,0.0
224,validation,bear,1,00000.jpg,00027.jpg,A/A,A/A,0.7634667235660388,0.5383058643656331,0.650886293965836,0.7142857313156128,48160,0.11748633879781421,32,122,0.0,0.0,0.0,0.0
224,validation,bear,1,00000.jpg,00027.jpg,B/B,B/B,0.7634667235660388,0.5383058643656331,0.650886293965836,0.7142857313156128,48160,0.11748633879781421,32,122,0.0,0.0,0.0,0.0
224,validation,bear,1,00000.jpg,00027.jpg,ALL/ALL,ALL/ALL,0.7634667235660388,0.5383058643656331,0.650886293965836,0.7142857313156128,48160,0.11748633879781421,32,122,0.0,0.0,0.0,0.0
224,validation,bear,1,00000.jpg,00027.jpg,rgb_selector,OFF/OFF,0.7634667235660388,0.5383058643656331,0.650886293965836,0.7142857313156128,48160,0.11748633879781421,32,122,0.0,0.0,0.0,0.0
224,validation,bear,1,00000.jpg,00027.jpg,visible_selector,OFF/OFF,0.7634667235660388,0.5383058643656331,0.650886293965836,0.7142857313156128,48160,0.11748633879781421,32,122,0.0,0.0,0.0,0.0
224,validation,bear,1,00000.jpg,00027.jpg,best_fixed,OFF/ALL,0.7634667235660388,0.5383058643656331,0.650886293965836,0.7142857313156128,48160,0.11748633879781421,32,122,0.0,0.0,0.0,0.0
224,validation,bear,2,00000.jpg,00054.jpg,OFF,OFF/OFF,0.7971062559595373,0.5905162508782088,0.6938112534188731,0.7419354915618896,44139,0.10767710772833723,26,109,0.0,0.0,0.0,0.0
224,validation,bear,2,00000.jpg,00054.jpg,trajectory_oracle,OFF/OFF,0.7971062559595373,0.5905162508782088,0.6938112534188731,0.7419354915618896,44139,0.10767710772833723,26,109,0.0,0.0,0.0,0.0
224,validation,bear,2,00000.jpg,00054.jpg,best_constant_oracle,OFF/OFF,0.7971062559595373,0.5905162508782088,0.6938112534188731,0.7419354915618896,44139,0.10767710772833723,26,109,0.0,0.0,0.0,0.0
224,validation,bear,2,00000.jpg,00054.jpg,A/A,A/A,0.7971062559595373,0.5905162508782088,0.6938112534188731,0.7419354915618896,44139,0.10767710772833723,26,109,0.0,0.0,0.0,0.0
224,validation,bear,2,00000.jpg,00054.jpg,B/B,B/B,0.7971062559595373,0.5905162508782088,0.6938112534188731,0.7419354915618896,44139,0.10767710772833723,26,109,0.0,0.0,0.0,0.0
224,validation,bear,2,00000.jpg,00054.jpg,ALL/ALL,ALL/ALL,0.7971062559595373,0.5905162508782088,0.6938112534188731,0.7419354915618896,44139,0.10767710772833723,26,109,0.0,0.0,0.0,0.0
224,validation,bear,2,00000.jpg,00054.jpg,rgb_selector,OFF/OFF,0.7971062559595373,0.5905162508782088,0.6938112534188731,0.7419354915618896,44139,0.10767710772833723,26,109,0.0,0.0,0.0,0.0
224,validation,bear,2,00000.jpg,00054.jpg,visible_selector,OFF/OFF,0.7971062559595373,0.5905162508782088,0.6938112534188731,0.7419354915618896,44139,0.10767710772833723,26,109,0.0,0.0,0.0,0.0
224,validation,bear,2,00000.jpg,00054.jpg,best_fixed,OFF/ALL,0.7971062559595373,0.5905162508782088,0.6938112534188731,0.7419354915618896,44139,0.10767710772833723,26,109,0.0,0.0,0.0,0.0
224,validation,disc-jockey,1,00000.jpg,00025.jpg,OFF,OFF/OFF,0.42776697829597876,0.3326222311000023,0.38019460469799055,0.35386475920677185,219112,0.40112770943175163,102,411,0.0,0.0005506572012438649,-0.005311170843801005,0.005311170843801005
224,validation,disc-jockey,1,00000.jpg,00025.jpg,trajectory_oracle,ALL/B,0.43307814913977977,0.3326464721749341,0.382862310657357,0.3580133020877838,219112,0.40112770943175163,102,411,0.005311170843801005,0.00586182804504487,0.0,0.005311170843801005
224,validation,disc-jockey,1,00000.jpg,00025.jpg,best_constant_oracle,ALL/ALL,0.43307814913977977,0.3326464721749341,0.382862310657357,0.3580133020877838,219112,0.40112770943175163,102,411,0.005311170843801005,0.00586182804504487,0.0,0.005311170843801005
224,validation,disc-jockey,1,00000.jpg,00025.jpg,A/A,A/A,0.4310308712981577,0.3347939363899724,0.38291240384406505,0.3548387289047241,219112,0.40112770943175163,102,411,0.0032638930021789414,0.0038145502034228063,-0.002047277841622064,0.005311170843801005
224,validation,disc-jockey,1,00000.jpg,00025.jpg,B/B,B/B,0.4294685763903776,0.33346635590425816,0.3814674661473179,0.3518357276916504,219112,0.40112770943175163,102,411,0.0017015980943988485,0.0022522552956427133,-0.0036095727494021568,0.005311170843801005
224,validation,disc-jockey,1,00000.jpg,00025.jpg,ALL/ALL,ALL/ALL,0.43307814913977977,0.3326464721749341,0.382862310657357,0.3580133020877838,219112,0.40112770943175163,102,411,0.005311170843801005,0.00586182804504487,0.0,0.005311170843801005
224,validation,disc-jockey,1,00000.jpg,00025.jpg,rgb_selector,OFF/OFF,0.42776697829597876,0.3326222311000023,0.38019460469799055,0.35386475920677185,219112,0.40112770943175163,102,411,0.0,0.0005506572012438649,-0.005311170843801005,0.005311170843801005
224,validation,disc-jockey,1,00000.jpg,00025.jpg,visible_selector,OFF/OFF,0.42776697829597876,0.3326222311000023,0.38019460469799055,0.35386475920677185,219112,0.40112770943175163,102,411,0.0,0.0005506572012438649,-0.005311170843801005,0.005311170843801005
224,validation,disc-jockey,1,00000.jpg,00025.jpg,best_fixed,OFF/ALL,0.4272163210947349,0.33259419573329824,0.37990525841401657,0.3518357276916504,219112,0.40112770943175163,102,411,-0.0005506572012438649,0.0,-0.00586182804504487,0.005311170843801005
224,validation,disc-jockey,2,00000.jpg,00050.jpg,OFF,OFF/OFF,0.36736796714855363,0.23056609051317892,0.2989670288308663,0.3942711353302002,244494,0.4475944639718805,117,459,0.0,-0.0029527276003702974,-0.0029527276003702974,0.0029527276003702974
224,validation,disc-jockey,2,00000.jpg,00050.jpg,trajectory_oracle,OFF/ALL,0.37032069474892393,0.23176783228608736,0.3010442635175057,0.3942711353302002,244494,0.4475944639718805,117,459,0.0029527276003702974,0.0,0.0,0.0029527276003702974
224,validation,disc-jockey,2,00000.jpg,00050.jpg,best_constant_oracle,A/A,0.37032069474892393,0.23176783228608736,0.3010442635175057,0.3942711353302002,244494,0.4475944639718805,117,459,0.0029527276003702974,0.0,0.0,0.0029527276003702974
224,validation,disc-jockey,2,00000.jpg,00050.jpg,A/A,A/A,0.37032069474892393,0.23176783228608736,0.3010442635175057,0.3942711353302002,244494,0.4475944639718805,117,459,0.0029527276003702974,0.0,0.0,0.0029527276003702974
224,validation,disc-jockey,2,00000.jpg,00050.jpg,B/B,B/B,0.37032069474892393,0.23176783228608736,0.3010442635175057,0.3942711353302002,244494,0.4475944639718805,117,459,0.0029527276003702974,0.0,0.0,0.0029527276003702974
224,validation,disc-jockey,2,00000.jpg,00050.jpg,ALL/ALL,ALL/ALL,0.37032069474892393,0.23176783228608736,0.3010442635175057,0.3942711353302002,244494,0.4475944639718805,117,459,0.0029527276003702974,0.0,0.0,0.0029527276003702974
224,validation,disc-jockey,2,00000.jpg,00050.jpg,rgb_selector,OFF/OFF,0.36736796714855363,0.23056609051317892,0.2989670288308663,0.3942711353302002,244494,0.4475944639718805,117,459,0.0,-0.0029527276003702974,-0.0029527276003702974,0.0029527276003702974
224,validation,disc-jockey,2,00000.jpg,00050.jpg,visible_selector,OFF/OFF,0.36736796714855363,0.23056609051317892,0.2989670288308663,0.3942711353302002,244494,0.4475944639718805,117,459,0.0,-0.0029527276003702974,-0.0029527276003702974,0.0029527276003702974
224,validation,disc-jockey,2,00000.jpg,00050.jpg,best_fixed,OFF/ALL,0.37032069474892393,0.23176783228608736,0.3010442635175057,0.3942711353302002,244494,0.4475944639718805,117,459,0.0029527276003702974,0.0,0.0,0.0029527276003702974
224,validation,dog-agility,1,00000.jpg,00008.jpg,OFF,OFF/OFF,0.6530171501164515,0.3686115454962397,0.5108143478063456,0.6774193644523621,44186,0.10779176424668228,28,115,0.0,0.0018723914526852514,0.0,0.0
224,validation,dog-agility,1,00000.jpg,00008.jpg,trajectory_oracle,OFF/OFF,0.6530171501164515,0.3686115454962397,0.5108143478063456,0.6774193644523621,44186,0.10779176424668228,28,115,0.0,0.0018723914526852514,0.0,0.0
224,validation,dog-agility,1,00000.jpg,00008.jpg,best_constant_oracle,OFF/OFF,0.6530171501164515,0.3686115454962397,0.5108143478063456,0.6774193644523621,44186,0.10779176424668228,28,115,0.0,0.0018723914526852514,0.0,0.0
224,validation,dog-agility,1,00000.jpg,00008.jpg,A/A,A/A,0.6506493786211204,0.3843224559142304,0.5174859172676753,0.6774193644523621,44186,0.10779176424668228,28,115,-0.0023677714953310725,-0.000495380042645821,-0.0023677714953310725,0.0
224,validation,dog-agility,1,00000.jpg,00008.jpg,B/B,B/B,0.6530171501164515,0.3686115454962397,0.5108143478063456,0.6774193644523621,44186,0.10779176424668228,28,115,0.0,0.0018723914526852514,0.0,0.0
224,validation,dog-agility,1,00000.jpg,00008.jpg,ALL/ALL,ALL/ALL,0.6467694676732896,0.3554210225621185,0.501095245117704,0.6774193644523621,44186,0.10779176424668228,28,115,-0.006247682443161873,-0.004375290990476621,-0.006247682443161873,0.0
224,validation,dog-agility,1,00000.jpg,00008.jpg,rgb_selector,OFF/OFF,0.6530171501164515,0.3686115454962397,0.5108143478063456,0.6774193644523621,44186,0.10779176424668228,28,115,0.0,0.0018723914526852514,0.0,0.0
224,validation,dog-agility,1,00000.jpg,00008.jpg,visible_selector,OFF/OFF,0.6530171501164515,0.3686115454962397,0.5108143478063456,0.6774193644523621,44186,0.10779176424668228,28,115,0.0,0.0018723914526852514,0.0,0.0
224,validation,dog-agility,1,00000.jpg,00008.jpg,best_fixed,OFF/ALL,0.6511447586637662,0.3845477460577994,0.5178462523607827,0.6774193644523621,44186,0.10779176424668228,28,115,-0.0018723914526852514,0.0,-0.0018723914526852514,0.0
224,validation,dog-agility,2,00000.jpg,00016.jpg,OFF,OFF/OFF,0.6545319111843669,0.4170999750802366,0.5358159431323017,0.6976743936538696,56360,0.13749024199843873,42,136,0.0,0.0,0.0,0.0
224,validation,dog-agility,2,00000.jpg,00016.jpg,trajectory_oracle,OFF/OFF,0.6545319111843669,0.4170999750802366,0.5358159431323017,0.6976743936538696,56360,0.13749024199843873,42,136,0.0,0.0,0.0,0.0
224,validation,dog-agility,2,00000.jpg,00016.jpg,best_constant_oracle,OFF/OFF,0.6545319111843669,0.4170999750802366,0.5358159431323017,0.6976743936538696,56360,0.13749024199843873,42,136,0.0,0.0,0.0,0.0
224,validation,dog-agility,2,00000.jpg,00016.jpg,A/A,A/A,0.6545319111843669,0.4170999750802366,0.5358159431323017,0.6976743936538696,56360,0.13749024199843873,42,136,0.0,0.0,0.0,0.0
224,validation,dog-agility,2,00000.jpg,00016.jpg,B/B,B/B,0.6545319111843669,0.4170999750802366,0.5358159431323017,0.6976743936538696,56360,0.13749024199843873,42,136,0.0,0.0,0.0,0.0
224,validation,dog-agility,2,00000.jpg,00016.jpg,ALL/ALL,ALL/ALL,0.6545319111843669,0.4170999750802366,0.5358159431323017,0.6976743936538696,56360,0.13749024199843873,42,136,0.0,0.0,0.0,0.0
224,validation,dog-agility,2,00000.jpg,00016.jpg,rgb_selector,OFF/OFF,0.6545319111843669,0.4170999750802366,0.5358159431323017,0.6976743936538696,56360,0.13749024199843873,42,136,0.0,0.0,0.0,0.0
224,validation,dog-agility,2,00000.jpg,00016.jpg,visible_selector,OFF/OFF,0.6545319111843669,0.4170999750802366,0.5358159431323017,0.6976743936538696,56360,0.13749024199843873,42,136,0.0,0.0,0.0,0.0
224,validation,dog-agility,2,00000.jpg,00016.jpg,best_fixed,OFF/ALL,0.6545319111843669,0.4170999750802366,0.5358159431323017,0.6976743936538696,56360,0.13749024199843873,42,136,0.0,0.0,0.0,0.0
224,validation,dogs-scale,1,00000.jpg,00027.jpg,OFF,OFF/OFF,0.6008835830756937,0.3979608964839155,0.49942223977980454,0.6458077430725098,263174,0.6420130757220921,164,657,0.0,-0.00023859120397706768,-0.00023381801418387305,0.00023859120397706768
224,validation,dogs-scale,1,00000.jpg,00027.jpg,trajectory_oracle,OFF/ALL,0.6011221742796707,0.39896760949393173,0.5000448918868012,0.6458077430725098,263174,0.6420130757220921,164,657,0.00023859120397706768,0.0,4.773189793194632e-06,0.00023859120397706768
224,validation,dogs-scale,1,00000.jpg,00027.jpg,best_constant_oracle,B/B,0.6011174010898775,0.39896760949393173,0.5000425052919046,0.6458077430725098,263174,0.6420130757220921,164,657,0.00023381801418387305,-4.773189793194632e-06,0.0,0.00023859120397706768
224,validation,dogs-scale,1,00000.jpg,00027.jpg,A/A,A/A,0.6008883599257773,0.3979608964839155,0.49942462820484634,0.6458077430725098,263174,0.6420130757220921,164,657,4.776850083598738e-06,-0.00023381435389346894,-0.0002290411641002743,0.00023859120397706768
224,validation,dogs-scale,1,00000.jpg,00027.jpg,B/B,B/B,0.6011174010898775,0.39896760949393173,0.5000425052919046,0.6458077430725098,263174,0.6420130757220921,164,657,0.00023381801418387305,-4.773189793194632e-06,0.0,0.00023859120397706768
224,validation,dogs-scale,1,00000.jpg,00027.jpg,ALL/ALL,ALL/ALL,0.5983446950879722,0.39020138234594864,0.49427303871696043,0.6308686137199402,263174,0.6420130757220921,164,657,-0.0025388879877215054,-0.002777479191698573,-0.0027727060019053784,0.00023859120397706768
224,validation,dogs-scale,1,00000.jpg,00027.jpg,rgb_selector,OFF/OFF,0.6008835830756937,0.3979608964839155,0.49942223977980454,0.6458077430725098,263174,0.6420130757220921,164,657,0.0,-0.00023859120397706768,-0.00023381801418387305,0.00023859120397706768
224,validation,dogs-scale,1,00000.jpg,00027.jpg,visible_selector,OFF/OFF,0.6008835830756937,0.3979608964839155,0.49942223977980454,0.6458077430725098,263174,0.6420130757220921,164,657,0.0,-0.00023859120397706768,-0.00023381801418387305,0.00023859120397706768
224,validation,dogs-scale,1,00000.jpg,00027.jpg,best_fixed,OFF/ALL,0.6011221742796707,0.39896760949393173,0.5000448918868012,0.6458077430725098,263174,0.6420130757220921,164,657,0.00023859120397706768,0.0,4.773189793194632e-06,0.00023859120397706768
224,validation,dogs-scale,2,00000.jpg,00055.jpg,OFF,OFF/OFF,0.2837893836832602,0.20396009327385722,0.2438747384785587,0.3039473593235016,129755,0.3165373731459797,79,326,0.0,-6.928080122559077e-05,0.0,6.928080122559077e-05
224,validation,dogs-scale,2,00000.jpg,00055.jpg,trajectory_oracle,OFF/ALL,0.28385866448448577,0.2040297484971484,0.24394420649081708,0.3039473593235016,129755,0.3165373731459797,79,326,6.928080122559077e-05,0.0,6.928080122559077e-05,6.928080122559077e-05
224,validation,dogs-scale,2,00000.jpg,00055.jpg,best_constant_oracle,OFF/OFF,0.2837893836832602,0.20396009327385722,0.2438747384785587,0.3039473593235016,129755,0.3165373731459797,79,326,0.0,-6.928080122559077e-05,0.0,6.928080122559077e-05
224,validation,dogs-scale,2,00000.jpg,00055.jpg,A/A,A/A,0.2837893836832602,0.20396009327385722,0.2438747384785587,0.3039473593235016,129755,0.3165373731459797,79,326,0.0,-6.928080122559077e-05,0.0,6.928080122559077e-05
224,validation,dogs-scale,2,00000.jpg,00055.jpg,B/B,B/B,0.28366859814828826,0.20396009327385722,0.24381434571107274,0.3039473593235016,129755,0.3165373731459797,79,326,-0.00012078553497191225,-0.00019006633619750302,-0.00012078553497191225,6.928080122559077e-05
224,validation,dogs-scale,2,00000.jpg,00055.jpg,ALL/ALL,ALL/ALL,0.28366859814828826,0.20396009327385722,0.24381434571107274,0.3039473593235016,129755,0.3165373731459797,79,326,-0.00012078553497191225,-0.00019006633619750302,-0.00012078553497191225,6.928080122559077e-05
224,validation,dogs-scale,2,00000.jpg,00055.jpg,rgb_selector,OFF/OFF,0.2837893836832602,0.20396009327385722,0.2438747384785587,0.3039473593235016,129755,0.3165373731459797,79,326,0.0,-6.928080122559077e-05,0.0,6.928080122559077e-05
224,validation,dogs-scale,2,00000.jpg,00055.jpg,visible_selector,OFF/OFF,0.2837893836832602,0.20396009327385722,0.2438747384785587,0.3039473593235016,129755,0.3165373731459797,79,326,0.0,-6.928080122559077e-05,0.0,6.928080122559077e-05
224,validation,dogs-scale,2,00000.jpg,00055.jpg,best_fixed,OFF/ALL,0.28385866448448577,0.2040297484971484,0.24394420649081708,0.3039473593235016,129755,0.3165373731459797,79,326,6.928080122559077e-05,0.0,6.928080122559077e-05,6.928080122559077e-05
224,validation,elephant,1,00000.jpg,00026.jpg,OFF,OFF/OFF,0.7022276190063171,0.41989243858111225,0.5610600287937146,0.7333333492279053,58991,0.14390856752537082,37,150,0.0,-0.0034143760496665454,-0.0034143760496665454,0.0034143760496665454
224,validation,elephant,1,00000.jpg,00026.jpg,trajectory_oracle,OFF/ALL,0.7056419950559837,0.39840883223625273,0.5520254136461182,0.7674418687820435,58991,0.14390856752537082,37,150,0.0034143760496665454,0.0,0.0,0.0034143760496665454
224,validation,elephant,1,00000.jpg,00026.jpg,best_constant_oracle,A/A,0.7056419950559837,0.39840883223625273,0.5520254136461182,0.7674418687820435,58991,0.14390856752537082,37,150,0.0034143760496665454,0.0,0.0,0.0034143760496665454
224,validation,elephant,1,00000.jpg,00026.jpg,A/A,A/A,0.7056419950559837,0.39840883223625273,0.5520254136461182,0.7674418687820435,58991,0.14390856752537082,37,150,0.0034143760496665454,0.0,0.0,0.0034143760496665454
224,validation,elephant,1,00000.jpg,00026.jpg,B/B,B/B,0.7056419950559837,0.39840883223625273,0.5520254136461182,0.7674418687820435,58991,0.14390856752537082,37,150,0.0034143760496665454,0.0,0.0,0.0034143760496665454
224,validation,elephant,1,00000.jpg,00026.jpg,ALL/ALL,ALL/ALL,0.6934382897144683,0.3516336315945603,0.5225359606545144,0.7441860437393188,58991,0.14390856752537082,37,150,-0.008789329291848835,-0.01220370534151538,-0.01220370534151538,0.0034143760496665454
224,validation,elephant,1,00000.jpg,00026.jpg,rgb_selector,OFF/OFF,0.7022276190063171,0.41989243858111225,0.5610600287937146,0.7333333492279053,58991,0.14390856752537082,37,150,0.0,-0.0034143760496665454,-0.0034143760496665454,0.0034143760496665454
224,validation,elephant,1,00000.jpg,00026.jpg,visible_selector,OFF/OFF,0.7022276190063171,0.41989243858111225,0.5610600287937146,0.7333333492279053,58991,0.14390856752537082,37,150,0.0,-0.0034143760496665454,-0.0034143760496665454,0.0034143760496665454
224,validation,elephant,1,00000.jpg,00026.jpg,best_fixed,OFF/ALL,0.7056419950559837,0.39840883223625273,0.5520254136461182,0.7674418687820435,58991,0.14390856752537082,37,150,0.0034143760496665454,0.0,0.0,0.0034143760496665454
224,validation,elephant,2,00000.jpg,00053.jpg,OFF,OFF/OFF,0.6986612911562516,0.3857498828640797,0.5422055870101656,0.7567567825317383,50078,0.12216530054644809,33,126,0.0,0.0037891895893463756,0.0,0.0
224,validation,elephant,2,00000.jpg,00053.jpg,trajectory_oracle,OFF/OFF,0.6986612911562516,0.3857498828640797,0.5422055870101656,0.7567567825317383,50078,0.12216530054644809,33,126,0.0,0.0037891895893463756,0.0,0.0
224,validation,elephant,2,00000.jpg,00053.jpg,best_constant_oracle,OFF/OFF,0.6986612911562516,0.3857498828640797,0.5422055870101656,0.7567567825317383,50078,0.12216530054644809,33,126,0.0,0.0037891895893463756,0.0,0.0
224,validation,elephant,2,00000.jpg,00053.jpg,A/A,A/A,0.6948721015669053,0.37741061525231273,0.536141358409609,0.7567567825317383,50078,0.12216530054644809,33,126,-0.0037891895893463756,0.0,-0.0037891895893463756,0.0
224,validation,elephant,2,00000.jpg,00053.jpg,B/B,B/B,0.6948721015669053,0.37741061525231273,0.536141358409609,0.7567567825317383,50078,0.12216530054644809,33,126,-0.0037891895893463756,0.0,-0.0037891895893463756,0.0
224,validation,elephant,2,00000.jpg,00053.jpg,ALL/ALL,ALL/ALL,0.696989966555184,0.37815481726389955,0.5375723919095418,0.7837837934494019,50078,0.12216530054644809,33,126,-0.0016713246010676697,0.002117864988278706,-0.0016713246010676697,0.0
224,validation,elephant,2,00000.jpg,00053.jpg,rgb_selector,OFF/OFF,0.6986612911562516,0.3857498828640797,0.5422055870101656,0.7567567825317383,50078,0.12216530054644809,33,126,0.0,0.0037891895893463756,0.0,0.0
224,validation,elephant,2,00000.jpg,00053.jpg,visible_selector,OFF/OFF,0.6986612911562516,0.3857498828640797,0.5422055870101656,0.7567567825317383,50078,0.12216530054644809,33,126,0.0,0.0037891895893463756,0.0,0.0
224,validation,elephant,2,00000.jpg,00053.jpg,best_fixed,OFF/ALL,0.6948721015669053,0.37741061525231273,0.536141358409609,0.7567567825317383,50078,0.12216530054644809,33,126,-0.0037891895893463756,0.0,-0.0037891895893463756,0.0
224,validation,hike,1,00000.jpg,00026.jpg,OFF,OFF/OFF,0.4472269223538259,0.26197234951606807,0.354599635934947,0.3529411852359772,20058,0.04893149882903981,10,49,0.0,-0.005524155530751473,-0.005524155530751473,0.005524155530751473
224,validation,hike,1,00000.jpg,00026.jpg,trajectory_oracle,OFF/A,0.45275107788457736,0.21786531397113246,0.3353081959278549,0.3529411852359772,20058,0.04893149882903981,10,49,0.005524155530751473,0.0,0.0,0.005524155530751473
224,validation,hike,1,00000.jpg,00026.jpg,best_constant_oracle,A/A,0.45275107788457736,0.21786531397113246,0.3353081959278549,0.3529411852359772,20058,0.04893149882903981,10,49,0.005524155530751473,0.0,0.0,0.005524155530751473
224,validation,hike,1,00000.jpg,00026.jpg,A/A,A/A,0.45275107788457736,0.21786531397113246,0.3353081959278549,0.3529411852359772,20058,0.04893149882903981,10,49,0.005524155530751473,0.0,0.0,0.005524155530751473
224,validation,hike,1,00000.jpg,00026.jpg,B/B,B/B,0.45275107788457736,0.21786531397113246,0.3353081959278549,0.3529411852359772,20058,0.04893149882903981,10,49,0.005524155530751473,0.0,0.0,0.005524155530751473
224,validation,hike,1,00000.jpg,00026.jpg,ALL/ALL,ALL/ALL,0.45275107788457736,0.21786531397113246,0.3353081959278549,0.3529411852359772,20058,0.04893149882903981,10,49,0.005524155530751473,0.0,0.0,0.005524155530751473
224,validation,hike,1,00000.jpg,00026.jpg,rgb_selector,OFF/OFF,0.4472269223538259,0.26197234951606807,0.354599635934947,0.3529411852359772,20058,0.04893149882903981,10,49,0.0,-0.005524155530751473,-0.005524155530751473,0.005524155530751473
224,validation,hike,1,00000.jpg,00026.jpg,visible_selector,OFF/OFF,0.4472269223538259,0.26197234951606807,0.354599635934947,0.3529411852359772,20058,0.04893149882903981,10,49,0.0,-0.005524155530751473,-0.005524155530751473,0.005524155530751473
224,validation,hike,1,00000.jpg,00026.jpg,best_fixed,OFF/ALL,0.45275107788457736,0.21786531397113246,0.3353081959278549,0.3529411852359772,20058,0.04893149882903981,10,49,0.005524155530751473,0.0,0.0,0.005524155530751473
224,validation,hike,2,00000.jpg,00053.jpg,OFF,OFF/OFF,0.5573755147884687,0.5258791633888343,0.5416273390886515,0.7142857313156128,18647,0.0454893637782982,12,52,0.0,0.016061297345218994,0.0,0.0
224,validation,hike,2,00000.jpg,00053.jpg,trajectory_oracle,OFF/OFF,0.5573755147884687,0.5258791633888343,0.5416273390886515,0.7142857313156128,18647,0.0454893637782982,12,52,0.0,0.016061297345218994,0.0,0.0
224,validation,hike,2,00000.jpg,00053.jpg,best_constant_oracle,OFF/OFF,0.5573755147884687,0.5258791633888343,0.5416273390886515,0.7142857313156128,18647,0.0454893637782982,12,52,0.0,0.016061297345218994,0.0,0.0
224,validation,hike,2,00000.jpg,00053.jpg,A/A,A/A,0.5437959690514853,0.5509816789588778,0.5473888240051816,0.6428571343421936,18647,0.0454893637782982,12,52,-0.01357954573698339,0.002481751608235605,-0.01357954573698339,0.0
224,validation,hike,2,00000.jpg,00053.jpg,B/B,B/B,0.5413142174432497,0.546453604204672,0.5438839108239608,0.6428571343421936,18647,0.0454893637782982,12,52,-0.016061297345218994,0.0,-0.016061297345218994,0.0
224,validation,hike,2,00000.jpg,00053.jpg,ALL/ALL,ALL/ALL,0.541582345571938,0.5210163449094651,0.5312993452407015,0.6428571343421936,18647,0.0454893637782982,12,52,-0.015793169216530734,0.00026812812868826086,-0.015793169216530734,0.0
224,validation,hike,2,00000.jpg,00053.jpg,rgb_selector,OFF/OFF,0.5573755147884687,0.5258791633888343,0.5416273390886515,0.7142857313156128,18647,0.0454893637782982,12,52,0.0,0.016061297345218994,0.0,0.0
224,validation,hike,2,00000.jpg,00053.jpg,visible_selector,OFF/OFF,0.5573755147884687,0.5258791633888343,0.5416273390886515,0.7142857313156128,18647,0.0454893637782982,12,52,0.0,0.016061297345218994,0.0,0.0
224,validation,hike,2,00000.jpg,00053.jpg,best_fixed,OFF/ALL,0.5413142174432497,0.546453604204672,0.5438839108239608,0.6428571343421936,18647,0.0454893637782982,12,52,-0.016061297345218994,0.0,-0.016061297345218994,0.0
224,validation,kid-football,1,00000.jpg,00022.jpg,OFF,OFF/OFF,0.7236041083804783,0.4234190433671584,0.5735115758738183,0.8059005737304688,114026,0.2781664715066354,72,286,0.0,-0.0014890280372874543,-0.0014890280372874543,0.0014890280372874543
224,validation,kid-football,1,00000.jpg,00022.jpg,trajectory_oracle,OFF/A,0.7250931364177657,0.4248328593957588,0.5749629979067623,0.8119747638702393,114026,0.2781664715066354,72,286,0.0014890280372874543,0.0,0.0,0.0014890280372874543
224,validation,kid-football,1,00000.jpg,00022.jpg,best_constant_oracle,A/A,0.7250931364177657,0.4248328593957588,0.5749629979067623,0.8119747638702393,114026,0.2781664715066354,72,286,0.0014890280372874543,0.0,0.0,0.0014890280372874543
224,validation,kid-football,1,00000.jpg,00022.jpg,A/A,A/A,0.7250931364177657,0.4248328593957588,0.5749629979067623,0.8119747638702393,114026,0.2781664715066354,72,286,0.0014890280372874543,0.0,0.0,0.0014890280372874543
224,validation,kid-football,1,00000.jpg,00022.jpg,B/B,B/B,0.7250931364177657,0.4248328593957588,0.5749629979067623,0.8119747638702393,114026,0.2781664715066354,72,286,0.0014890280372874543,0.0,0.0,0.0014890280372874543
224,validation,kid-football,1,00000.jpg,00022.jpg,ALL/ALL,ALL/ALL,0.7250931364177657,0.4248328593957588,0.5749629979067623,0.8119747638702393,114026,0.2781664715066354,72,286,0.0014890280372874543,0.0,0.0,0.0014890280372874543
224,validation,kid-football,1,00000.jpg,00022.jpg,rgb_selector,OFF/OFF,0.7236041083804783,0.4234190433671584,0.5735115758738183,0.8059005737304688,114026,0.2781664715066354,72,286,0.0,-0.0014890280372874543,-0.0014890280372874543,0.0014890280372874543
224,validation,kid-football,1,00000.jpg,00022.jpg,visible_selector,OFF/OFF,0.7236041083804783,0.4234190433671584,0.5735115758738183,0.8059005737304688,114026,0.2781664715066354,72,286,0.0,-0.0014890280372874543,-0.0014890280372874543,0.0014890280372874543
224,validation,kid-football,1,00000.jpg,00022.jpg,best_fixed,OFF/ALL,0.7250931364177657,0.4248328593957588,0.5749629979067623,0.8119747638702393,114026,0.2781664715066354,72,286,0.0014890280372874543,0.0,0.0,0.0014890280372874543
224,validation,kid-football,2,00000.jpg,00045.jpg,OFF,OFF/OFF,0.693274996637823,0.5031372807909136,0.5982061387143682,0.6382113695144653,57275,0.13972238485558158,36,138,0.0,0.0,0.0,0.0
224,validation,kid-football,2,00000.jpg,00045.jpg,trajectory_oracle,OFF/OFF,0.693274996637823,0.5031372807909136,0.5982061387143682,0.6382113695144653,57275,0.13972238485558158,36,138,0.0,0.0,0.0,0.0
224,validation,kid-football,2,00000.jpg,00045.jpg,best_constant_oracle,OFF/OFF,0.693274996637823,0.5031372807909136,0.5982061387143682,0.6382113695144653,57275,0.13972238485558158,36,138,0.0,0.0,0.0,0.0
224,validation,kid-football,2,00000.jpg,00045.jpg,A/A,A/A,0.693274996637823,0.5031372807909136,0.5982061387143682,0.6382113695144653,57275,0.13972238485558158,36,138,0.0,0.0,0.0,0.0
224,validation,kid-football,2,00000.jpg,00045.jpg,B/B,B/B,0.693274996637823,0.5031372807909136,0.5982061387143682,0.6382113695144653,57275,0.13972238485558158,36,138,0.0,0.0,0.0,0.0
224,validation,kid-football,2,00000.jpg,00045.jpg,ALL/ALL,ALL/ALL,0.693274996637823,0.5031372807909136,0.5982061387143682,0.6382113695144653,57275,0.13972238485558158,36,138,0.0,0.0,0.0,0.0
224,validation,kid-football,2,00000.jpg,00045.jpg,rgb_selector,OFF/OFF,0.693274996637823,0.5031372807909136,0.5982061387143682,0.6382113695144653,57275,0.13972238485558158,36,138,0.0,0.0,0.0,0.0
224,validation,kid-football,2,00000.jpg,00045.jpg,visible_selector,OFF/OFF,0.693274996637823,0.5031372807909136,0.5982061387143682,0.6382113695144653,57275,0.13972238485558158,36,138,0.0,0.0,0.0,0.0
224,validation,kid-football,2,00000.jpg,00045.jpg,best_fixed,OFF/ALL,0.693274996637823,0.5031372807909136,0.5982061387143682,0.6382113695144653,57275,0.13972238485558158,36,138,0.0,0.0,0.0,0.0
224,validation,koala,1,00000.jpg,00033.jpg,OFF,OFF/OFF,0.7870832677183589,0.5194491728190109,0.653266220268685,0.8484848737716675,87874,0.21436865729898516,57,222,0.0,0.005019344515501345,0.0,0.0035359437132367333
224,validation,koala,1,00000.jpg,00033.jpg,trajectory_oracle,B/ALL,0.7906192114315956,0.5348369343099078,0.6627280728707516,0.859375,87874,0.21436865729898516,57,222,0.0035359437132367333,0.008555288228738078,0.0035359437132367333,0.0035359437132367333
224,validation,koala,1,00000.jpg,00033.jpg,best_constant_oracle,OFF/OFF,0.7870832677183589,0.5194491728190109,0.653266220268685,0.8484848737716675,87874,0.21436865729898516,57,222,0.0,0.005019344515501345,0.0,0.0035359437132367333
224,validation,koala,1,00000.jpg,00033.jpg,A/A,A/A,0.7820639232028576,0.5175626555333989,0.6498132893681282,0.8333333134651184,87874,0.21436865729898516,57,222,-0.005019344515501345,0.0,-0.005019344515501345,0.0035359437132367333
224,validation,koala,1,00000.jpg,00033.jpg,B/B,B/B,0.7820639232028576,0.5175626555333989,0.6498132893681282,0.8333333134651184,87874,0.21436865729898516,57,222,-0.005019344515501345,0.0,-0.005019344515501345,0.0035359437132367333
224,validation,koala,1,00000.jpg,00033.jpg,ALL/ALL,ALL/ALL,0.7820639232028576,0.5175626555333989,0.6498132893681282,0.8333333134651184,87874,0.21436865729898516,57,222,-0.005019344515501345,0.0,-0.005019344515501345,0.0035359437132367333
224,validation,koala,1,00000.jpg,00033.jpg,rgb_selector,OFF/OFF,0.7870832677183589,0.5194491728190109,0.653266220268685,0.8484848737716675,87874,0.21436865729898516,57,222,0.0,0.005019344515501345,0.0,0.0035359437132367333
224,validation,koala,1,00000.jpg,00033.jpg,visible_selector,OFF/OFF,0.7870832677183589,0.5194491728190109,0.653266220268685,0.8484848737716675,87874,0.21436865729898516,57,222,0.0,0.005019344515501345,0.0,0.0035359437132367333
224,validation,koala,1,00000.jpg,00033.jpg,best_fixed,OFF/ALL,0.7820639232028576,0.5175626555333989,0.6498132893681282,0.8333333134651184,87874,0.21436865729898516,57,222,-0.005019344515501345,0.0,-0.005019344515501345,0.0035359437132367333
224,validation,koala,2,00000.jpg,00066.jpg,OFF,OFF/OFF,0.7399856522413526,0.40983294844033447,0.5749093003408435,0.746268630027771,81086,0.19780932864949258,52,201,0.0,1.4347202284770155e-05,-0.0011376343690400192,0.0011376343690400192
224,validation,koala,2,00000.jpg,00066.jpg,trajectory_oracle,ALL/ALL,0.7411232866103926,0.41535873371917087,0.5782410101647817,0.746268630027771,81086,0.19780932864949258,52,201,0.0011376343690400192,0.0011519815713247894,0.0,0.0011376343690400192
224,validation,koala,2,00000.jpg,00066.jpg,best_constant_oracle,ALL/ALL,0.7411232866103926,0.41535873371917087,0.5782410101647817,0.746268630027771,81086,0.19780932864949258,52,201,0.0011376343690400192,0.0011519815713247894,0.0,0.0011376343690400192
224,validation,koala,2,00000.jpg,00066.jpg,A/A,A/A,0.7390073799312237,0.4117107551077596,0.5753590675194916,0.746268630027771,81086,0.19780932864949258,52,201,-0.0009782723101289248,-0.0009639251078441546,-0.002115906679168944,0.0011376343690400192
224,validation,koala,2,00000.jpg,00066.jpg,B/B,B/B,0.7399713050390678,0.40983294844033447,0.5749021267397012,0.746268630027771,81086,0.19780932864949258,52,201,-1.4347202284770155e-05,0.0,-0.0011519815713247894,0.0011376343690400192
224,validation,koala,2,00000.jpg,00066.jpg,ALL/ALL,ALL/ALL,0.7411232866103926,0.41535873371917087,0.5782410101647817,0.746268630027771,81086,0.19780932864949258,52,201,0.0011376343690400192,0.0011519815713247894,0.0,0.0011376343690400192
224,validation,koala,2,00000.jpg,00066.jpg,rgb_selector,OFF/OFF,0.7399856522413526,0.40983294844033447,0.5749093003408435,0.746268630027771,81086,0.19780932864949258,52,201,0.0,1.4347202284770155e-05,-0.0011376343690400192,0.0011376343690400192
224,validation,koala,2,00000.jpg,00066.jpg,visible_selector,OFF/OFF,0.7399856522413526,0.40983294844033447,0.5749093003408435,0.746268630027771,81086,0.19780932864949258,52,201,0.0,1.4347202284770155e-05,-0.0011376343690400192,0.0011376343690400192
224,validation,koala,2,00000.jpg,00066.jpg,best_fixed,OFF/ALL,0.7399713050390678,0.40983294844033447,0.5749021267397012,0.746268630027771,81086,0.19780932864949258,52,201,-1.4347202284770155e-05,0.0,-0.0011519815713247894,0.0011376343690400192
224,validation,lady-running,1,00000.jpg,00021.jpg,OFF,OFF/OFF,0.3033495754259987,0.15285568127106405,0.2281026283485314,0.5813953280448914,53144,0.1296448087431694,31,131,0.0,-0.005042083423846155,-0.005110967175472325,0.005603245218353592
224,validation,lady-running,1,00000.jpg,00021.jpg,trajectory_oracle,A/ALL,0.3089528206443523,0.1634352530925992,0.23619403686847576,0.5813953280448914,53144,0.1296448087431694,31,131,0.005603245218353592,0.0005611617945074365,0.0004922780428812668,0.005603245218353592
224,validation,lady-running,1,00000.jpg,00021.jpg,best_constant_oracle,ALL/ALL,0.30846054260147104,0.1606202598908265,0.23454040124614878,0.5813953280448914,53144,0.1296448087431694,31,131,0.005110967175472325,6.888375162616978e-05,0.0,0.005603245218353592
224,validation,lady-running,1,00000.jpg,00021.jpg,A/A,A/A,0.3081120092378753,0.15948783567355032,0.2337999224557128,0.5952380895614624,53144,0.1296448087431694,31,131,0.004762433811876576,-0.00027964961196957905,-0.0003485333635957488,0.005603245218353592
224,validation,lady-running,1,00000.jpg,00021.jpg,B/B,B/B,0.3083916588498449,0.15968326027064958,0.23403745956024724,0.5952380895614624,53144,0.1296448087431694,31,131,0.005042083423846155,0.0,-6.888375162616978e-05,0.005603245218353592
224,validation,lady-running,1,00000.jpg,00021.jpg,ALL/ALL,ALL/ALL,0.30846054260147104,0.1606202598908265,0.23454040124614878,0.5813953280448914,53144,0.1296448087431694,31,131,0.005110967175472325,6.888375162616978e-05,0.0,0.005603245218353592
224,validation,lady-running,1,00000.jpg,00021.jpg,rgb_selector,OFF/OFF,0.3033495754259987,0.15285568127106405,0.2281026283485314,0.5813953280448914,53144,0.1296448087431694,31,131,0.0,-0.005042083423846155,-0.005110967175472325,0.005603245218353592
224,validation,lady-running,1,00000.jpg,00021.jpg,visible_selector,OFF/OFF,0.3033495754259987,0.15285568127106405,0.2281026283485314,0.5813953280448914,53144,0.1296448087431694,31,131,0.0,-0.005042083423846155,-0.005110967175472325,0.005603245218353592
224,validation,lady-running,1,00000.jpg,00021.jpg,best_fixed,OFF/ALL,0.3083916588498449,0.15968326027064958,0.23403745956024724,0.5952380895614624,53144,0.1296448087431694,31,131,0.005042083423846155,0.0,-6.888375162616978e-05,0.005603245218353592
224,validation,lady-running,2,00000.jpg,00043.jpg,OFF,OFF/OFF,0.20614665107733424,0.08403730810543944,0.14509197959138684,0.3571428656578064,33112,0.0807767369242779,22,83,0.0,0.004634477347901261,0.0,0.0
224,validation,lady-running,2,00000.jpg,00043.jpg,trajectory_oracle,OFF/OFF,0.20614665107733424,0.08403730810543944,0.14509197959138684,0.3571428656578064,33112,0.0807767369242779,22,83,0.0,0.004634477347901261,0.0,0.0
224,validation,lady-running,2,00000.jpg,00043.jpg,best_constant_oracle,OFF/OFF,0.20614665107733424,0.08403730810543944,0.14509197959138684,0.3571428656578064,33112,0.0807767369242779,22,83,0.0,0.004634477347901261,0.0,0.0
224,validation,lady-running,2,00000.jpg,00043.jpg,A/A,A/A,0.20151217372943298,0.08076445087086502,0.141138312300149,0.3571428656578064,33112,0.0807767369242779,22,83,-0.004634477347901261,0.0,-0.004634477347901261,0.0
224,validation,lady-running,2,00000.jpg,00043.jpg,B/B,B/B,0.20200756898988095,0.08164056695508,0.14182406797248048,0.3571428656578064,33112,0.0807767369242779,22,83,-0.004139082087453283,0.0004953952604479783,-0.004139082087453283,0.0
224,validation,lady-running,2,00000.jpg,00043.jpg,ALL/ALL,ALL/ALL,0.19906004127434543,0.07667208068690208,0.13786606098062376,0.3571428656578064,33112,0.0807767369242779,22,83,-0.007086609802988808,-0.0024521324550875467,-0.007086609802988808,0.0
224,validation,lady-running,2,00000.jpg,00043.jpg,rgb_selector,OFF/OFF,0.20614665107733424,0.08403730810543944,0.14509197959138684,0.3571428656578064,33112,0.0807767369242779,22,83,0.0,0.004634477347901261,0.0,0.0
224,validation,lady-running,2,00000.jpg,00043.jpg,visible_selector,OFF/OFF,0.20614665107733424,0.08403730810543944,0.14509197959138684,0.3571428656578064,33112,0.0807767369242779,22,83,0.0,0.004634477347901261,0.0,0.0
224,validation,lady-running,2,00000.jpg,00043.jpg,best_fixed,OFF/ALL,0.20151217372943298,0.08076445087086502,0.141138312300149,0.3571428656578064,33112,0.0807767369242779,22,83,-0.004634477347901261,0.0,-0.004634477347901261,0.0
224,validation,longboard,1,00000.jpg,00017.jpg,OFF,OFF/OFF,0.2477725416977068,0.19822401017333563,0.2229982759355212,0.44655171036720276,52219,0.12738827088212334,35,127,0.0,0.0026531689317494944,0.0,0.0
224,validation,longboard,1,00000.jpg,00017.jpg,trajectory_oracle,OFF/OFF,0.2477725416977068,0.19822401017333563,0.2229982759355212,0.44655171036720276,52219,0.12738827088212334,35,127,0.0,0.0026531689317494944,0.0,0.0
224,validation,longboard,1,00000.jpg,00017.jpg,best_constant_oracle,OFF/OFF,0.2477725416977068,0.19822401017333563,0.2229982759355212,0.44655171036720276,52219,0.12738827088212334,35,127,0.0,0.0026531689317494944,0.0,0.0
224,validation,longboard,1,00000.jpg,00017.jpg,A/A,A/A,0.2449700067922608,0.19515024707449893,0.22006012693337987,0.44655171036720276,52219,0.12738827088212334,35,127,-0.0028025349054459914,-0.00014936597369649696,-0.0028025349054459914,0.0
224,validation,longboard,1,00000.jpg,00017.jpg,B/B,B/B,0.2449700067922608,0.19515024707449893,0.22006012693337987,0.44655171036720276,52219,0.12738827088212334,35,127,-0.0028025349054459914,-0.00014936597369649696,-0.0028025349054459914,0.0
224,validation,longboard,1,00000.jpg,00017.jpg,ALL/ALL,ALL/ALL,0.24691846119894717,0.20757559878447282,0.22724702999170998,0.44655171036720276,52219,0.12738827088212334,35,127,-0.000854080498759624,0.0017990884329898704,-0.000854080498759624,0.0
224,validation,longboard,1,00000.jpg,00017.jpg,rgb_selector,OFF/OFF,0.2477725416977068,0.19822401017333563,0.2229982759355212,0.44655171036720276,52219,0.12738827088212334,35,127,0.0,0.0026531689317494944,0.0,0.0
224,validation,longboard,1,00000.jpg,00017.jpg,visible_selector,OFF/OFF,0.2477725416977068,0.19822401017333563,0.2229982759355212,0.44655171036720276,52219,0.12738827088212334,35,127,0.0,0.0026531689317494944,0.0,0.0
224,validation,longboard,1,00000.jpg,00017.jpg,best_fixed,OFF/ALL,0.2451193727659573,0.19460257737924402,0.21986097507260066,0.44655171036720276,52219,0.12738827088212334,35,127,-0.0026531689317494944,0.0,-0.0026531689317494944,0.0
224,validation,longboard,2,00000.jpg,00034.jpg,OFF,OFF/OFF,0.24839310290719235,0.21508089499349187,0.2317369989503421,0.29713064432144165,66500,0.16222677595628415,45,165,0.0,-0.0004756361517962715,0.0,0.004528976823684083
224,validation,longboard,2,00000.jpg,00034.jpg,trajectory_oracle,OFF/A,0.25292207973087644,0.2181536324278051,0.23553785607934077,0.29713064432144165,66500,0.16222677595628415,45,165,0.004528976823684083,0.004053340671887812,0.004528976823684083,0.004528976823684083
224,validation,longboard,2,00000.jpg,00034.jpg,best_constant_oracle,OFF/OFF,0.24839310290719235,0.21508089499349187,0.2317369989503421,0.29713064432144165,66500,0.16222677595628415,45,165,0.0,-0.0004756361517962715,0.0,0.004528976823684083
224,validation,longboard,2,00000.jpg,00034.jpg,A/A,A/A,0.24624287408937334,0.2131947898949309,0.22971883199215215,0.2897232472896576,66500,0.16222677595628415,45,165,-0.002150228817819011,-0.0026258649696152825,-0.002150228817819011,0.004528976823684083
224,validation,longboard,2,00000.jpg,00034.jpg,B/B,B/B,0.24624287408937334,0.2131947898949309,0.22971883199215215,0.2897232472896576,66500,0.16222677595628415,45,165,-0.002150228817819011,-0.0026258649696152825,-0.002150228817819011,0.004528976823684083
224,validation,longboard,2,00000.jpg,00034.jpg,ALL/ALL,ALL/ALL,0.24839310290719235,0.21508089499349187,0.2317369989503421,0.29713064432144165,66500,0.16222677595628415,45,165,0.0,-0.0004756361517962715,0.0,0.004528976823684083
224,validation,longboard,2,00000.jpg,00034.jpg,rgb_selector,OFF/OFF,0.24839310290719235,0.21508089499349187,0.2317369989503421,0.29713064432144165,66500,0.16222677595628415,45,165,0.0,-0.0004756361517962715,0.0,0.004528976823684083
224,validation,longboard,2,00000.jpg,00034.jpg,visible_selector,OFF/OFF,0.24839310290719235,0.21508089499349187,0.2317369989503421,0.29713064432144165,66500,0.16222677595628415,45,165,0.0,-0.0004756361517962715,0.0,0.004528976823684083
224,validation,longboard,2,00000.jpg,00034.jpg,best_fixed,OFF/ALL,0.24886873905898863,0.20858277275821696,0.22872575590860275,0.29713064432144165,66500,0.16222677595628415,45,165,0.0004756361517962715,0.0,0.0004756361517962715,0.004528976823684083
224,validation,mallard-fly,1,00000.jpg,00023.jpg,OFF,OFF/OFF,0.3908747207423956,0.3188568822679942,0.35486580150519487,0.20000000298023224,9333,0.022767857142857142,8,23,0.0,0.0,0.0,0.0
224,validation,mallard-fly,1,00000.jpg,00023.jpg,trajectory_oracle,OFF/OFF,0.3908747207423956,0.3188568822679942,0.35486580150519487,0.20000000298023224,9333,0.022767857142857142,8,23,0.0,0.0,0.0,0.0
224,validation,mallard-fly,1,00000.jpg,00023.jpg,best_constant_oracle,OFF/OFF,0.3908747207423956,0.3188568822679942,0.35486580150519487,0.20000000298023224,9333,0.022767857142857142,8,23,0.0,0.0,0.0,0.0
224,validation,mallard-fly,1,00000.jpg,00023.jpg,A/A,A/A,0.3908747207423956,0.3188568822679942,0.35486580150519487,0.20000000298023224,9333,0.022767857142857142,8,23,0.0,0.0,0.0,0.0
224,validation,mallard-fly,1,00000.jpg,00023.jpg,B/B,B/B,0.3908747207423956,0.3188568822679942,0.35486580150519487,0.20000000298023224,9333,0.022767857142857142,8,23,0.0,0.0,0.0,0.0
224,validation,mallard-fly,1,00000.jpg,00023.jpg,ALL/ALL,ALL/ALL,0.3908747207423956,0.3188568822679942,0.35486580150519487,0.20000000298023224,9333,0.022767857142857142,8,23,0.0,0.0,0.0,0.0
224,validation,mallard-fly,1,00000.jpg,00023.jpg,rgb_selector,OFF/OFF,0.3908747207423956,0.3188568822679942,0.35486580150519487,0.20000000298023224,9333,0.022767857142857142,8,23,0.0,0.0,0.0,0.0
224,validation,mallard-fly,1,00000.jpg,00023.jpg,visible_selector,OFF/OFF,0.3908747207423956,0.3188568822679942,0.35486580150519487,0.20000000298023224,9333,0.022767857142857142,8,23,0.0,0.0,0.0,0.0
224,validation,mallard-fly,1,00000.jpg,00023.jpg,best_fixed,OFF/ALL,0.3908747207423956,0.3188568822679942,0.35486580150519487,0.20000000298023224,9333,0.022767857142857142,8,23,0.0,0.0,0.0,0.0
224,validation,mallard-fly,2,00000.jpg,00046.jpg,OFF,OFF/OFF,0.15696626726945084,0.13217213114754098,0.14456919920849592,0.2857142984867096,31539,0.07693940281030445,20,78,0.0,0.0,0.0,0.0
224,validation,mallard-fly,2,00000.jpg,00046.jpg,trajectory_oracle,OFF/OFF,0.15696626726945084,0.13217213114754098,0.14456919920849592,0.2857142984867096,31539,0.07693940281030445,20,78,0.0,0.0,0.0,0.0
224,validation,mallard-fly,2,00000.jpg,00046.jpg,best_constant_oracle,OFF/OFF,0.15696626726945084,0.13217213114754098,0.14456919920849592,0.2857142984867096,31539,0.07693940281030445,20,78,0.0,0.0,0.0,0.0
224,validation,mallard-fly,2,00000.jpg,00046.jpg,A/A,A/A,0.15696626726945084,0.13217213114754098,0.14456919920849592,0.2857142984867096,31539,0.07693940281030445,20,78,0.0,0.0,0.0,0.0
224,validation,mallard-fly,2,00000.jpg,00046.jpg,B/B,B/B,0.15696626726945084,0.13217213114754098,0.14456919920849592,0.2857142984867096,31539,0.07693940281030445,20,78,0.0,0.0,0.0,0.0
224,validation,mallard-fly,2,00000.jpg,00046.jpg,ALL/ALL,ALL/ALL,0.15696626726945084,0.13217213114754098,0.14456919920849592,0.2857142984867096,31539,0.07693940281030445,20,78,0.0,0.0,0.0,0.0
224,validation,mallard-fly,2,00000.jpg,00046.jpg,rgb_selector,OFF/OFF,0.15696626726945084,0.13217213114754098,0.14456919920849592,0.2857142984867096,31539,0.07693940281030445,20,78,0.0,0.0,0.0,0.0
224,validation,mallard-fly,2,00000.jpg,00046.jpg,visible_selector,OFF/OFF,0.15696626726945084,0.13217213114754098,0.14456919920849592,0.2857142984867096,31539,0.07693940281030445,20,78,0.0,0.0,0.0,0.0
224,validation,mallard-fly,2,00000.jpg,00046.jpg,best_fixed,OFF/ALL,0.15696626726945084,0.13217213114754098,0.14456919920849592,0.2857142984867096,31539,0.07693940281030445,20,78,0.0,0.0,0.0,0.0
224,validation,motorbike,1,00000.jpg,00014.jpg,OFF,OFF/OFF,0.10973854239898229,0.15264726105890444,0.13119290172894335,0.18095238506793976,13680,0.03337236533957846,8,30,0.0,0.0,0.0,0.0
224,validation,motorbike,1,00000.jpg,00014.jpg,trajectory_oracle,OFF/OFF,0.10973854239898229,0.15264726105890444,0.13119290172894335,0.18095238506793976,13680,0.03337236533957846,8,30,0.0,0.0,0.0,0.0
224,validation,motorbike,1,00000.jpg,00014.jpg,best_constant_oracle,OFF/OFF,0.10973854239898229,0.15264726105890444,0.13119290172894335,0.18095238506793976,13680,0.03337236533957846,8,30,0.0,0.0,0.0,0.0
224,validation,motorbike,1,00000.jpg,00014.jpg,A/A,A/A,0.10973854239898229,0.15264726105890444,0.13119290172894335,0.18888889253139496,13680,0.03337236533957846,8,30,0.0,0.0,0.0,0.0
224,validation,motorbike,1,00000.jpg,00014.jpg,B/B,B/B,0.10973854239898229,0.15264726105890444,0.13119290172894335,0.18095238506793976,13680,0.03337236533957846,8,30,0.0,0.0,0.0,0.0
224,validation,motorbike,1,00000.jpg,00014.jpg,ALL/ALL,ALL/ALL,0.10973854239898229,0.15264726105890444,0.13119290172894335,0.18888889253139496,13680,0.03337236533957846,8,30,0.0,0.0,0.0,0.0
224,validation,motorbike,1,00000.jpg,00014.jpg,rgb_selector,OFF/OFF,0.10973854239898229,0.15264726105890444,0.13119290172894335,0.18095238506793976,13680,0.03337236533957846,8,30,0.0,0.0,0.0,0.0
224,validation,motorbike,1,00000.jpg,00014.jpg,visible_selector,OFF/OFF,0.10973854239898229,0.15264726105890444,0.13119290172894335,0.18095238506793976,13680,0.03337236533957846,8,30,0.0,0.0,0.0,0.0
224,validation,motorbike,1,00000.jpg,00014.jpg,best_fixed,OFF/ALL,0.10973854239898229,0.15264726105890444,0.13119290172894335,0.18888889253139496,13680,0.03337236533957846,8,30,0.0,0.0,0.0,0.0
224,validation,motorbike,2,00000.jpg,00028.jpg,OFF,OFF/OFF,0.10193391782046983,0.11066861658032516,0.1063012672003975,0.1666666716337204,27067,0.06602995706479313,20,70,0.0,0.0,0.0,0.0
224,validation,motorbike,2,00000.jpg,00028.jpg,trajectory_oracle,OFF/OFF,0.10193391782046983,0.11066861658032516,0.1063012672003975,0.1666666716337204,27067,0.06602995706479313,20,70,0.0,0.0,0.0,0.0
224,validation,motorbike,2,00000.jpg,00028.jpg,best_constant_oracle,OFF/OFF,0.10193391782046983,0.11066861658032516,0.1063012672003975,0.1666666716337204,27067,0.06602995706479313,20,70,0.0,0.0,0.0,0.0
224,validation,motorbike,2,00000.jpg,00028.jpg,A/A,A/A,0.10193391782046983,0.11066861658032516,0.1063012672003975,0.1666666716337204,27067,0.06602995706479313,20,70,0.0,0.0,0.0,0.0
224,validation,motorbike,2,00000.jpg,00028.jpg,B/B,B/B,0.10193391782046983,0.11066861658032516,0.1063012672003975,0.1666666716337204,27067,0.06602995706479313,20,70,0.0,0.0,0.0,0.0
224,validation,motorbike,2,00000.jpg,00028.jpg,ALL/ALL,ALL/ALL,0.10193391782046983,0.11066861658032516,0.1063012672003975,0.16190476715564728,27067,0.06602995706479313,20,70,0.0,0.0,0.0,0.0
224,validation,motorbike,2,00000.jpg,00028.jpg,rgb_selector,OFF/OFF,0.10193391782046983,0.11066861658032516,0.1063012672003975,0.1666666716337204,27067,0.06602995706479313,20,70,0.0,0.0,0.0,0.0
224,validation,motorbike,2,00000.jpg,00028.jpg,visible_selector,OFF/OFF,0.10193391782046983,0.11066861658032516,0.1063012672003975,0.1666666716337204,27067,0.06602995706479313,20,70,0.0,0.0,0.0,0.0
224,validation,motorbike,2,00000.jpg,00028.jpg,best_fixed,OFF/ALL,0.10193391782046983,0.11066861658032516,0.1063012672003975,0.1666666716337204,27067,0.06602995706479313,20,70,0.0,0.0,0.0,0.0
224,validation,rallye,1,00000.jpg,00016.jpg,OFF,OFF/OFF,0.0,0.0,0.0,0.0,1784,0.004352068696330992,1,6,0.0,0.0,0.0,0.0
224,validation,rallye,1,00000.jpg,00016.jpg,trajectory_oracle,OFF/OFF,0.0,0.0,0.0,0.0,1784,0.004352068696330992,1,6,0.0,0.0,0.0,0.0
224,validation,rallye,1,00000.jpg,00016.jpg,best_constant_oracle,OFF/OFF,0.0,0.0,0.0,0.0,1784,0.004352068696330992,1,6,0.0,0.0,0.0,0.0
224,validation,rallye,1,00000.jpg,00016.jpg,A/A,A/A,0.0,0.0,0.0,0.0,1784,0.004352068696330992,1,6,0.0,0.0,0.0,0.0
224,validation,rallye,1,00000.jpg,00016.jpg,B/B,B/B,0.0,0.0,0.0,0.0,1784,0.004352068696330992,1,6,0.0,0.0,0.0,0.0
224,validation,rallye,1,00000.jpg,00016.jpg,ALL/ALL,ALL/ALL,0.0,0.0,0.0,0.0,1784,0.004352068696330992,1,6,0.0,0.0,0.0,0.0
224,validation,rallye,1,00000.jpg,00016.jpg,rgb_selector,OFF/OFF,0.0,0.0,0.0,0.0,1784,0.004352068696330992,1,6,0.0,0.0,0.0,0.0
224,validation,rallye,1,00000.jpg,00016.jpg,visible_selector,OFF/OFF,0.0,0.0,0.0,0.0,1784,0.004352068696330992,1,6,0.0,0.0,0.0,0.0
224,validation,rallye,1,00000.jpg,00016.jpg,best_fixed,OFF/ALL,0.0,0.0,0.0,0.0,1784,0.004352068696330992,1,6,0.0,0.0,0.0,0.0
224,validation,rallye,2,00000.jpg,00033.jpg,OFF,OFF/OFF,0.0,0.0,0.0,0.0,6753,0.01647394613583138,4,17,0.0,0.0,0.0,0.0
224,validation,rallye,2,00000.jpg,00033.jpg,trajectory_oracle,OFF/OFF,0.0,0.0,0.0,0.0,6753,0.01647394613583138,4,17,0.0,0.0,0.0,0.0
224,validation,rallye,2,00000.jpg,00033.jpg,best_constant_oracle,OFF/OFF,0.0,0.0,0.0,0.0,6753,0.01647394613583138,4,17,0.0,0.0,0.0,0.0
224,validation,rallye,2,00000.jpg,00033.jpg,A/A,A/A,0.0,0.0,0.0,0.0,6753,0.01647394613583138,4,17,0.0,0.0,0.0,0.0
224,validation,rallye,2,00000.jpg,00033.jpg,B/B,B/B,0.0,0.0,0.0,0.0,6753,0.01647394613583138,4,17,0.0,0.0,0.0,0.0
224,validation,rallye,2,00000.jpg,00033.jpg,ALL/ALL,ALL/ALL,0.0,0.0,0.0,0.0,6753,0.01647394613583138,4,17,0.0,0.0,0.0,0.0
224,validation,rallye,2,00000.jpg,00033.jpg,rgb_selector,OFF/OFF,0.0,0.0,0.0,0.0,6753,0.01647394613583138,4,17,0.0,0.0,0.0,0.0
224,validation,rallye,2,00000.jpg,00033.jpg,visible_selector,OFF/OFF,0.0,0.0,0.0,0.0,6753,0.01647394613583138,4,17,0.0,0.0,0.0,0.0
224,validation,rallye,2,00000.jpg,00033.jpg,best_fixed,OFF/ALL,0.0,0.0,0.0,0.0,6753,0.01647394613583138,4,17,0.0,0.0,0.0,0.0
224,validation,scooter-board,1,00000.jpg,00030.jpg,OFF,OFF/OFF,0.25362230610008524,0.18291815725272684,0.21827023167640602,0.5,10631,0.025934328649492584,8,28,0.0,0.00011321297180499901,-8.823057118800826e-07,8.823057118800826e-07
224,validation,scooter-board,1,00000.jpg,00030.jpg,trajectory_oracle,OFF/A,0.2536231884057971,0.1827561767566053,0.2181896825812012,0.5,10631,0.025934328649492584,8,28,8.823057118800826e-07,0.00011409527751687909,0.0,8.823057118800826e-07
224,validation,scooter-board,1,00000.jpg,00030.jpg,best_constant_oracle,A/A,0.2536231884057971,0.1827561767566053,0.2181896825812012,0.5,10631,0.025934328649492584,8,28,8.823057118800826e-07,0.00011409527751687909,0.0,8.823057118800826e-07
224,validation,scooter-board,1,00000.jpg,00030.jpg,A/A,A/A,0.2536231884057971,0.1827561767566053,0.2181896825812012,0.5,10631,0.025934328649492584,8,28,8.823057118800826e-07,0.00011409527751687909,0.0,8.823057118800826e-07
224,validation,scooter-board,1,00000.jpg,00030.jpg,B/B,B/B,0.2536231884057971,0.1827561767566053,0.2181896825812012,0.5,10631,0.025934328649492584,8,28,8.823057118800826e-07,0.00011409527751687909,0.0,8.823057118800826e-07
224,validation,scooter-board,1,00000.jpg,00030.jpg,ALL/ALL,ALL/ALL,0.2536231884057971,0.1827561767566053,0.2181896825812012,0.5,10631,0.025934328649492584,8,28,8.823057118800826e-07,0.00011409527751687909,0.0,8.823057118800826e-07
224,validation,scooter-board,1,00000.jpg,00030.jpg,rgb_selector,OFF/OFF,0.25362230610008524,0.18291815725272684,0.21827023167640602,0.5,10631,0.025934328649492584,8,28,0.0,0.00011321297180499901,-8.823057118800826e-07,8.823057118800826e-07
224,validation,scooter-board,1,00000.jpg,00030.jpg,visible_selector,OFF/OFF,0.25362230610008524,0.18291815725272684,0.21827023167640602,0.5,10631,0.025934328649492584,8,28,0.0,0.00011321297180499901,-8.823057118800826e-07,8.823057118800826e-07
224,validation,scooter-board,1,00000.jpg,00030.jpg,best_fixed,OFF/ALL,0.25350909312828024,0.1793720406059441,0.21644056686711216,0.5,10631,0.025934328649492584,8,28,-0.00011321297180499901,0.0,-0.00011409527751687909,8.823057118800826e-07
224,validation,scooter-board,2,00000.jpg,00060.jpg,OFF,OFF/OFF,0.010412792859799182,0.08754953460510553,0.04898116373245236,0.0,2454,0.005986533957845434,1,6,0.0,-0.061362321295451966,0.0,0.061362321295451966
224,validation,scooter-board,2,00000.jpg,00060.jpg,trajectory_oracle,OFF/ALL,0.07177511415525115,0.22430814047580516,0.14804162731552817,0.25,2454,0.005986533957845434,1,6,0.061362321295451966,0.0,0.061362321295451966,0.061362321295451966
224,validation,scooter-board,2,00000.jpg,00060.jpg,best_constant_oracle,OFF/OFF,0.010412792859799182,0.08754953460510553,0.04898116373245236,0.0,2454,0.005986533957845434,1,6,0.0,-0.061362321295451966,0.0,0.061362321295451966
224,validation,scooter-board,2,00000.jpg,00060.jpg,A/A,A/A,0.010412792859799182,0.08754953460510553,0.04898116373245236,0.0,2454,0.005986533957845434,1,6,0.0,-0.061362321295451966,0.0,0.061362321295451966
224,validation,scooter-board,2,00000.jpg,00060.jpg,B/B,B/B,0.010412792859799182,0.08754953460510553,0.04898116373245236,0.0,2454,0.005986533957845434,1,6,0.0,-0.061362321295451966,0.0,0.061362321295451966
224,validation,scooter-board,2,00000.jpg,00060.jpg,ALL/ALL,ALL/ALL,0.010412792859799182,0.08754953460510553,0.04898116373245236,0.0,2454,0.005986533957845434,1,6,0.0,-0.061362321295451966,0.0,0.061362321295451966
224,validation,scooter-board,2,00000.jpg,00060.jpg,rgb_selector,OFF/OFF,0.010412792859799182,0.08754953460510553,0.04898116373245236,0.0,2454,0.005986533957845434,1,6,0.0,-0.061362321295451966,0.0,0.061362321295451966
224,validation,scooter-board,2,00000.jpg,00060.jpg,visible_selector,OFF/OFF,0.010412792859799182,0.08754953460510553,0.04898116373245236,0.0,2454,0.005986533957845434,1,6,0.0,-0.061362321295451966,0.0,0.061362321295451966
224,validation,scooter-board,2,00000.jpg,00060.jpg,best_fixed,OFF/ALL,0.07177511415525115,0.22430814047580516,0.14804162731552817,0.25,2454,0.005986533957845434,1,6,0.061362321295451966,0.0,0.061362321295451966,0.061362321295451966
224,validation,scooter-gray,1,00000.jpg,00025.jpg,OFF,OFF/OFF,0.15322998755703027,0.16987841287401184,0.16155420021552105,0.19354838132858276,42529,0.10374951209992193,27,104,0.0,-0.028392264528468852,-0.028502831446116622,0.028502831446116622
224,validation,scooter-gray,1,00000.jpg,00025.jpg,trajectory_oracle,OFF/B,0.1817328190031469,0.16139870518811741,0.17156576209563215,0.20967741310596466,42529,0.10374951209992193,27,104,0.028502831446116622,0.00011056691764776971,0.0,0.028502831446116622
224,validation,scooter-gray,1,00000.jpg,00025.jpg,best_constant_oracle,B/B,0.1817328190031469,0.16139870518811741,0.17156576209563215,0.20967741310596466,42529,0.10374951209992193,27,104,0.028502831446116622,0.00011056691764776971,0.0,0.028502831446116622
224,validation,scooter-gray,1,00000.jpg,00025.jpg,A/A,A/A,0.15322998755703027,0.16987841287401184,0.16155420021552105,0.19354838132858276,42529,0.10374951209992193,27,104,0.0,-0.028392264528468852,-0.028502831446116622,0.028502831446116622
224,validation,scooter-gray,1,00000.jpg,00025.jpg,B/B,B/B,0.1817328190031469,0.16139870518811741,0.17156576209563215,0.20967741310596466,42529,0.10374951209992193,27,104,0.028502831446116622,0.00011056691764776971,0.0,0.028502831446116622
224,validation,scooter-gray,1,00000.jpg,00025.jpg,ALL/ALL,ALL/ALL,0.15322998755703027,0.16987841287401184,0.16155420021552105,0.19354838132858276,42529,0.10374951209992193,27,104,0.0,-0.028392264528468852,-0.028502831446116622,0.028502831446116622
224,validation,scooter-gray,1,00000.jpg,00025.jpg,rgb_selector,OFF/OFF,0.15322998755703027,0.16987841287401184,0.16155420021552105,0.19354838132858276,42529,0.10374951209992193,27,104,0.0,-0.028392264528468852,-0.028502831446116622,0.028502831446116622
224,validation,scooter-gray,1,00000.jpg,00025.jpg,visible_selector,OFF/OFF,0.15322998755703027,0.16987841287401184,0.16155420021552105,0.19354838132858276,42529,0.10374951209992193,27,104,0.0,-0.028392264528468852,-0.028502831446116622,0.028502831446116622
224,validation,scooter-gray,1,00000.jpg,00025.jpg,best_fixed,OFF/ALL,0.18162225208549912,0.16087395224302137,0.17124810216426023,0.20967741310596466,42529,0.10374951209992193,27,104,0.028392264528468852,0.0,-0.00011056691764776971,0.028502831446116622
224,validation,scooter-gray,2,00000.jpg,00050.jpg,OFF,OFF/OFF,0.03886248156039993,0.11482615262069784,0.07684431709054888,0.15000000596046448,35289,0.08608752927400469,19,89,0.0,0.0,0.0,0.0
224,validation,scooter-gray,2,00000.jpg,00050.jpg,trajectory_oracle,OFF/OFF,0.03886248156039993,0.11482615262069784,0.07684431709054888,0.15000000596046448,35289,0.08608752927400469,19,89,0.0,0.0,0.0,0.0
224,validation,scooter-gray,2,00000.jpg,00050.jpg,best_constant_oracle,OFF/OFF,0.03886248156039993,0.11482615262069784,0.07684431709054888,0.15000000596046448,35289,0.08608752927400469,19,89,0.0,0.0,0.0,0.0
224,validation,scooter-gray,2,00000.jpg,00050.jpg,A/A,A/A,0.03886248156039993,0.11482615262069784,0.07684431709054888,0.15000000596046448,35289,0.08608752927400469,19,89,0.0,0.0,0.0,0.0
224,validation,scooter-gray,2,00000.jpg,00050.jpg,B/B,B/B,0.03886248156039993,0.11482615262069784,0.07684431709054888,0.15000000596046448,35289,0.08608752927400469,19,89,0.0,0.0,0.0,0.0
224,validation,scooter-gray,2,00000.jpg,00050.jpg,ALL/ALL,ALL/ALL,0.03886248156039993,0.11482615262069784,0.07684431709054888,0.15000000596046448,35289,0.08608752927400469,19,89,0.0,0.0,0.0,0.0
224,validation,scooter-gray,2,00000.jpg,00050.jpg,rgb_selector,OFF/OFF,0.03886248156039993,0.11482615262069784,0.07684431709054888,0.15000000596046448,35289,0.08608752927400469,19,89,0.0,0.0,0.0,0.0
224,validation,scooter-gray,2,00000.jpg,00050.jpg,visible_selector,OFF/OFF,0.03886248156039993,0.11482615262069784,0.07684431709054888,0.15000000596046448,35289,0.08608752927400469,19,89,0.0,0.0,0.0,0.0
224,validation,scooter-gray,2,00000.jpg,00050.jpg,best_fixed,OFF/ALL,0.03886248156039993,0.11482615262069784,0.07684431709054888,0.1428571492433548,35289,0.08608752927400469,19,89,0.0,0.0,0.0,0.0
224,validation,stroller,1,00000.jpg,00030.jpg,OFF,OFF/OFF,0.5130046583850931,0.3459835079040045,0.42949408314454884,0.3970588445663452,31903,0.07782738095238095,15,88,0.0,0.0,0.0,0.0
224,validation,stroller,1,00000.jpg,00030.jpg,trajectory_oracle,OFF/OFF,0.5130046583850931,0.3459835079040045,0.42949408314454884,0.3970588445663452,31903,0.07782738095238095,15,88,0.0,0.0,0.0,0.0
224,validation,stroller,1,00000.jpg,00030.jpg,best_constant_oracle,OFF/OFF,0.5130046583850931,0.3459835079040045,0.42949408314454884,0.3970588445663452,31903,0.07782738095238095,15,88,0.0,0.0,0.0,0.0
224,validation,stroller,1,00000.jpg,00030.jpg,A/A,A/A,0.5130046583850931,0.3459835079040045,0.42949408314454884,0.3970588445663452,31903,0.07782738095238095,15,88,0.0,0.0,0.0,0.0
224,validation,stroller,1,00000.jpg,00030.jpg,B/B,B/B,0.5130046583850931,0.3459835079040045,0.42949408314454884,0.3970588445663452,31903,0.07782738095238095,15,88,0.0,0.0,0.0,0.0
224,validation,stroller,1,00000.jpg,00030.jpg,ALL/ALL,ALL/ALL,0.5130046583850931,0.3459835079040045,0.42949408314454884,0.3970588445663452,31903,0.07782738095238095,15,88,0.0,0.0,0.0,0.0
224,validation,stroller,1,00000.jpg,00030.jpg,rgb_selector,OFF/OFF,0.5130046583850931,0.3459835079040045,0.42949408314454884,0.3970588445663452,31903,0.07782738095238095,15,88,0.0,0.0,0.0,0.0
224,validation,stroller,1,00000.jpg,00030.jpg,visible_selector,OFF/OFF,0.5130046583850931,0.3459835079040045,0.42949408314454884,0.3970588445663452,31903,0.07782738095238095,15,88,0.0,0.0,0.0,0.0
224,validation,stroller,1,00000.jpg,00030.jpg,best_fixed,OFF/ALL,0.5130046583850931,0.3459835079040045,0.42949408314454884,0.3970588445663452,31903,0.07782738095238095,15,88,0.0,0.0,0.0,0.0
224,validation,stroller,2,00000.jpg,00060.jpg,OFF,OFF/OFF,0.4889819062718641,0.31676243924603914,0.4028721727589516,0.306547611951828,49565,0.1209138368462139,27,124,0.0,-1.2709457579918038e-05,-1.2709457579918038e-05,1.2709457579918038e-05
224,validation,stroller,2,00000.jpg,00060.jpg,trajectory_oracle,OFF/ALL,0.488994615729444,0.31692924786566296,0.40296193179755346,0.3128882050514221,49565,0.1209138368462139,27,124,1.2709457579918038e-05,0.0,0.0,1.2709457579918038e-05
224,validation,stroller,2,00000.jpg,00060.jpg,best_constant_oracle,ALL/ALL,0.488994615729444,0.31692924786566296,0.40296193179755346,0.3128882050514221,49565,0.1209138368462139,27,124,1.2709457579918038e-05,0.0,0.0,1.2709457579918038e-05
224,validation,stroller,2,00000.jpg,00060.jpg,A/A,A/A,0.4889682813141306,0.31692924786566296,0.4029487645898967,0.3128882050514221,49565,0.1209138368462139,27,124,-1.3624957733493481e-05,-2.633441531341152e-05,-2.633441531341152e-05,1.2709457579918038e-05
224,validation,stroller,2,00000.jpg,00060.jpg,B/B,B/B,0.4889682813141306,0.31692924786566296,0.4029487645898967,0.3128882050514221,49565,0.1209138368462139,27,124,-1.3624957733493481e-05,-2.633441531341152e-05,-2.633441531341152e-05,1.2709457579918038e-05
224,validation,stroller,2,00000.jpg,00060.jpg,ALL/ALL,ALL/ALL,0.488994615729444,0.31692924786566296,0.40296193179755346,0.3128882050514221,49565,0.1209138368462139,27,124,1.2709457579918038e-05,0.0,0.0,1.2709457579918038e-05
224,validation,stroller,2,00000.jpg,00060.jpg,rgb_selector,OFF/OFF,0.4889819062718641,0.31676243924603914,0.4028721727589516,0.306547611951828,49565,0.1209138368462139,27,124,0.0,-1.2709457579918038e-05,-1.2709457579918038e-05,1.2709457579918038e-05
224,validation,stroller,2,00000.jpg,00060.jpg,visible_selector,OFF/OFF,0.4889819062718641,0.31676243924603914,0.4028721727589516,0.306547611951828,49565,0.1209138368462139,27,124,0.0,-1.2709457579918038e-05,-1.2709457579918038e-05,1.2709457579918038e-05
224,validation,stroller,2,00000.jpg,00060.jpg,best_fixed,OFF/ALL,0.488994615729444,0.31692924786566296,0.40296193179755346,0.3128882050514221,49565,0.1209138368462139,27,124,1.2709457579918038e-05,0.0,0.0,1.2709457579918038e-05
448,discovery,bmx-bumps,1,00000.jpg,00030.jpg,OFF,OFF/OFF,0.3494556059661288,0.4563594653985585,0.4029075356823436,0.35829493403434753,15870,0.03871487119437939,9,38,0.0,-0.0031209427502119635,-0.0031209427502119635,0.0031209427502119635
448,discovery,bmx-bumps,1,00000.jpg,00030.jpg,trajectory_oracle,OFF/ALL,0.35257654871634075,0.4943005978918925,0.4234385733041166,0.3559139668941498,15870,0.03871487119437939,9,38,0.0031209427502119635,0.0,0.0,0.0031209427502119635
448,discovery,bmx-bumps,1,00000.jpg,00030.jpg,best_constant_oracle,A/A,0.35257654871634075,0.4943005978918925,0.4234385733041166,0.3559139668941498,15870,0.03871487119437939,9,38,0.0031209427502119635,0.0,0.0,0.0031209427502119635
448,discovery,bmx-bumps,1,00000.jpg,00030.jpg,A/A,A/A,0.35257654871634075,0.4943005978918925,0.4234385733041166,0.3559139668941498,15870,0.03871487119437939,9,38,0.0031209427502119635,0.0,0.0,0.0031209427502119635
448,discovery,bmx-bumps,1,00000.jpg,00030.jpg,B/B,B/B,0.35257654871634075,0.4943005978918925,0.4234385733041166,0.3559139668941498,15870,0.03871487119437939,9,38,0.0031209427502119635,0.0,0.0,0.0031209427502119635
448,discovery,bmx-bumps,1,00000.jpg,00030.jpg,ALL/ALL,ALL/ALL,0.35257654871634075,0.4943005978918925,0.4234385733041166,0.3559139668941498,15870,0.03871487119437939,9,38,0.0031209427502119635,0.0,0.0,0.0031209427502119635
448,discovery,bmx-bumps,1,00000.jpg,00030.jpg,rgb_selector,ALL/A,0.35257654871634075,0.4943005978918925,0.4234385733041166,0.3559139668941498,15870,0.03871487119437939,9,38,0.0031209427502119635,0.0,0.0,0.0031209427502119635
448,discovery,bmx-bumps,1,00000.jpg,00030.jpg,visible_selector,ALL/A,0.35257654871634075,0.4943005978918925,0.4234385733041166,0.3559139668941498,15870,0.03871487119437939,9,38,0.0031209427502119635,0.0,0.0,0.0031209427502119635
448,discovery,bmx-bumps,1,00000.jpg,00030.jpg,best_fixed,ALL/B,0.35257654871634075,0.4943005978918925,0.4234385733041166,0.3559139668941498,15870,0.03871487119437939,9,38,0.0031209427502119635,0.0,0.0,0.0031209427502119635
448,discovery,bmx-bumps,2,00000.jpg,00060.jpg,OFF,OFF/OFF,0.5,0.5,0.5,0.0,0,0.0,0,0,0.0,0.0,0.0,0.0
448,discovery,bmx-bumps,2,00000.jpg,00060.jpg,trajectory_oracle,OFF/OFF,0.5,0.5,0.5,0.0,0,0.0,0,0,0.0,0.0,0.0,0.0
448,discovery,bmx-bumps,2,00000.jpg,00060.jpg,best_constant_oracle,OFF/OFF,0.5,0.5,0.5,0.0,0,0.0,0,0,0.0,0.0,0.0,0.0
448,discovery,bmx-bumps,2,00000.jpg,00060.jpg,A/A,A/A,0.5,0.5,0.5,0.0,0,0.0,0,0,0.0,0.0,0.0,0.0
448,discovery,bmx-bumps,2,00000.jpg,00060.jpg,B/B,B/B,0.5,0.5,0.5,0.0,0,0.0,0,0,0.0,0.0,0.0,0.0
448,discovery,bmx-bumps,2,00000.jpg,00060.jpg,ALL/ALL,ALL/ALL,0.5,0.5,0.5,0.0,0,0.0,0,0,0.0,0.0,0.0,0.0
448,discovery,bmx-bumps,2,00000.jpg,00060.jpg,best_fixed,ALL/B,0.5,0.5,0.5,0.0,0,0.0,0,0,0.0,0.0,0.0,0.0
448,discovery,bmx-bumps,2,00000.jpg,00060.jpg,rgb_selector,ALL/ALL,0.5,0.5,0.5,0.0,0,0.0,0,0,0.0,0.0,0.0,0.0
448,discovery,bmx-bumps,2,00000.jpg,00060.jpg,visible_selector,ALL/ALL,0.5,0.5,0.5,0.0,0,0.0,0,0,0.0,0.0,0.0,0.0
448,discovery,cat-girl,1,00000.jpg,00029.jpg,OFF,OFF/OFF,0.7951177863123005,0.6995112041908145,0.7473144952515575,0.8030679225921631,184728,0.42244785949506036,108,429,0.0,-0.001634581339532426,-0.003226047189323955,0.0035356258847922817
448,discovery,cat-girl,1,00000.jpg,00029.jpg,trajectory_oracle,B/A,0.7986534121970927,0.7091212427192852,0.753887327458189,0.8030679225921631,184728,0.42244785949506036,108,429,0.0035356258847922817,0.0019010445452598557,0.0003095786954683266,0.0035356258847922817
448,discovery,cat-girl,1,00000.jpg,00029.jpg,best_constant_oracle,A/A,0.7983438335016244,0.7084600907644931,0.7534019621330588,0.8030679225921631,184728,0.42244785949506036,108,429,0.003226047189323955,0.001591465849791529,0.0,0.0035356258847922817
448,discovery,cat-girl,1,00000.jpg,00029.jpg,A/A,A/A,0.7983438335016244,0.7084600907644931,0.7534019621330588,0.8030679225921631,184728,0.42244785949506036,108,429,0.003226047189323955,0.001591465849791529,0.0,0.0035356258847922817
448,discovery,cat-girl,1,00000.jpg,00029.jpg,B/B,B/B,0.7967523676518329,0.7055966730827188,0.7511745203672759,0.7978258728981018,184728,0.42244785949506036,108,429,0.001634581339532426,0.0,-0.001591465849791529,0.0035356258847922817
448,discovery,cat-girl,1,00000.jpg,00029.jpg,ALL/ALL,ALL/ALL,0.7941888181024447,0.6995266235110508,0.7468577208067477,0.7966886758804321,184728,0.42244785949506036,108,429,-0.0009289682098557739,-0.0025635495493882,-0.004155015399179729,0.0035356258847922817
448,discovery,cat-girl,1,00000.jpg,00029.jpg,rgb_selector,A/ALL,0.7967523676518329,0.7055966730827188,0.7511745203672759,0.7978258728981018,184728,0.42244785949506036,108,429,0.001634581339532426,0.0,-0.001591465849791529,0.0035356258847922817
448,discovery,cat-girl,1,00000.jpg,00029.jpg,visible_selector,A/ALL,0.7967523676518329,0.7055966730827188,0.7511745203672759,0.7978258728981018,184728,0.42244785949506036,108,429,0.001634581339532426,0.0,-0.001591465849791529,0.0035356258847922817
448,discovery,cat-girl,1,00000.jpg,00029.jpg,best_fixed,ALL/B,0.7967523676518329,0.7055966730827188,0.7511745203672759,0.7978258728981018,184728,0.42244785949506036,108,429,0.001634581339532426,0.0,-0.001591465849791529,0.0035356258847922817
448,discovery,cat-girl,2,00000.jpg,00059.jpg,OFF,OFF/OFF,0.7981594759209673,0.5821805718858383,0.6901700239034028,0.771212100982666,103446,0.23656695938529088,62,237,0.0,-0.002346719360704408,-0.0029143791855194,0.0033316015355938644
448,discovery,cat-girl,2,00000.jpg,00059.jpg,trajectory_oracle,OFF/B,0.8014910774565611,0.5896614862684695,0.6955762818625153,0.77492356300354,103446,0.23656695938529088,62,237,0.0033316015355938644,0.0009848821748894565,0.0004172223500744643,0.0033316015355938644
448,discovery,cat-girl,2,00000.jpg,00059.jpg,best_constant_oracle,A/A,0.8010738551064867,0.5893884888494502,0.6952311719779685,0.77492356300354,103446,0.23656695938529088,62,237,0.0029143791855194,0.0005676598248149922,0.0,0.0033316015355938644
448,discovery,cat-girl,2,00000.jpg,00059.jpg,A/A,A/A,0.8010738551064867,0.5893884888494502,0.6952311719779685,0.77492356300354,103446,0.23656695938529088,62,237,0.0029143791855194,0.0005676598248149922,0.0,0.0033316015355938644
448,discovery,cat-girl,2,00000.jpg,00059.jpg,B/B,B/B,0.7993302634300905,0.584032059375557,0.6916811614028238,0.771212100982666,103446,0.23656695938529088,62,237,0.00117078750912325,-0.0011759318515811579,-0.00174359167639615,0.0033316015355938644
448,discovery,cat-girl,2,00000.jpg,00059.jpg,ALL/ALL,ALL/ALL,0.7980483833798102,0.5931538950882682,0.6956011392340392,0.7734848260879517,103446,0.23656695938529088,62,237,-0.00011109254115704292,-0.002457811901861451,-0.003025471726676443,0.0033316015355938644
448,discovery,cat-girl,2,00000.jpg,00059.jpg,rgb_selector,ALL/A,0.7989150768442956,0.583771640918187,0.6913433588812413,0.771212100982666,103446,0.23656695938529088,62,237,0.0007556009233283811,-0.0015911184373760268,-0.002158778262191019,0.0033316015355938644
448,discovery,cat-girl,2,00000.jpg,00059.jpg,visible_selector,ALL/A,0.7989150768442956,0.583771640918187,0.6913433588812413,0.771212100982666,103446,0.23656695938529088,62,237,0.0007556009233283811,-0.0015911184373760268,-0.002158778262191019,0.0033316015355938644
448,discovery,cat-girl,2,00000.jpg,00059.jpg,best_fixed,ALL/B,0.8005061952816717,0.5942812016045518,0.6973936984431117,0.7753424644470215,103446,0.23656695938529088,62,237,0.002346719360704408,0.0,-0.0005676598248149922,0.0033316015355938644
448,discovery,classic-car,1,00000.jpg,00021.jpg,OFF,OFF/OFF,0.498861501427742,0.3490745883665263,0.42396804489713413,0.49586963653564453,286252,0.6983118657298986,182,708,0.0,0.00742239783476345,0.0,0.000490506770463417
448,discovery,classic-car,1,00000.jpg,00021.jpg,trajectory_oracle,A/OFF,0.4993520081982054,0.349332068638817,0.4243420384185112,0.4963506758213043,286252,0.6983118657298986,182,708,0.000490506770463417,0.007912904605226867,0.000490506770463417,0.000490506770463417
448,discovery,classic-car,1,00000.jpg,00021.jpg,best_constant_oracle,OFF/OFF,0.498861501427742,0.3490745883665263,0.42396804489713413,0.49586963653564453,286252,0.6983118657298986,182,708,0.0,0.00742239783476345,0.0,0.000490506770463417
448,discovery,classic-car,1,00000.jpg,00021.jpg,A/A,A/A,0.48901277322033043,0.3455716224233783,0.4172921978218544,0.4963506758213043,286252,0.6983118657298986,182,708,-0.009848728207411561,-0.002426330372648111,-0.009848728207411561,0.000490506770463417
448,discovery,classic-car,1,00000.jpg,00021.jpg,B/B,B/B,0.49143910359297854,0.35079455966022755,0.421116831626603,0.4963506758213043,286252,0.6983118657298986,182,708,-0.00742239783476345,0.0,-0.00742239783476345,0.000490506770463417
448,discovery,classic-car,1,00000.jpg,00021.jpg,ALL/ALL,ALL/ALL,0.4915986088367134,0.3517823676735969,0.42169048825515515,0.49683165550231934,286252,0.6983118657298986,182,708,-0.00726289259102858,0.00015950524373486985,-0.00726289259102858,0.000490506770463417
448,discovery,classic-car,1,00000.jpg,00021.jpg,rgb_selector,OFF/OFF,0.498861501427742,0.3490745883665263,0.42396804489713413,0.49586963653564453,286252,0.6983118657298986,182,708,0.0,0.00742239783476345,0.0,0.000490506770463417
448,discovery,classic-car,1,00000.jpg,00021.jpg,visible_selector,ALL/A,0.4914402192747099,0.35063548789094673,0.4210378535828283,0.4963506758213043,286252,0.6983118657298986,182,708,-0.007421282153032116,1.1156817313340284e-06,-0.007421282153032116,0.000490506770463417
448,discovery,classic-car,1,00000.jpg,00021.jpg,best_fixed,ALL/B,0.49143910359297854,0.35079455966022755,0.421116831626603,0.4963506758213043,286252,0.6983118657298986,182,708,-0.00742239783476345,0.0,-0.00742239783476345,0.000490506770463417
448,discovery,classic-car,2,00000.jpg,00042.jpg,OFF,OFF/OFF,0.3199285692223348,0.3450219471842515,0.33247525820329316,0.32942965626716614,279005,0.680632806401249,172,697,0.0,-0.010929020408010526,-0.007181023698954625,0.010929020408010526
448,discovery,classic-car,2,00000.jpg,00042.jpg,trajectory_oracle,ALL/B,0.33085758963034534,0.35836635042269166,0.3446119700265185,0.33414575457572937,279005,0.680632806401249,172,697,0.010929020408010526,0.0,0.0037479967090559008,0.010929020408010526
448,discovery,classic-car,2,00000.jpg,00042.jpg,best_constant_oracle,ALL/ALL,0.32710959292128944,0.3597985929764918,0.3434540929488907,0.3360668420791626,279005,0.680632806401249,172,697,0.007181023698954625,-0.0037479967090559008,0.0,0.010929020408010526
448,discovery,classic-car,2,00000.jpg,00042.jpg,A/A,A/A,0.32601534588609987,0.3530210528472801,0.33951819936669,0.33430299162864685,279005,0.680632806401249,172,697,0.006086776663765059,-0.004842243744245467,-0.0010942470351895661,0.010929020408010526
448,discovery,classic-car,2,00000.jpg,00042.jpg,B/B,B/B,0.32599593947489364,0.3559556882185233,0.3409758138467085,0.3348042070865631,279005,0.680632806401249,172,697,0.0060673702525588236,-0.004861650155451702,-0.0011136534463958014,0.010929020408010526
448,discovery,classic-car,2,00000.jpg,00042.jpg,ALL/ALL,ALL/ALL,0.32710959292128944,0.3597985929764918,0.3434540929488907,0.3360668420791626,279005,0.680632806401249,172,697,0.007181023698954625,-0.0037479967090559008,0.0,0.010929020408010526
448,discovery,classic-car,2,00000.jpg,00042.jpg,best_fixed,ALL/B,0.33085758963034534,0.35836635042269166,0.3446119700265185,0.33414575457572937,279005,0.680632806401249,172,697,0.010929020408010526,0.0,0.0037479967090559008,0.010929020408010526
448,discovery,classic-car,2,00000.jpg,00042.jpg,rgb_selector,ALL/ALL,0.32710959292128944,0.3597985929764918,0.3434540929488907,0.3360668420791626,279005,0.680632806401249,172,697,0.007181023698954625,-0.0037479967090559008,0.0,0.010929020408010526
448,discovery,classic-car,2,00000.jpg,00042.jpg,visible_selector,ALL/ALL,0.32710959292128944,0.3597985929764918,0.3434540929488907,0.3360668420791626,279005,0.680632806401249,172,697,0.007181023698954625,-0.0037479967090559008,0.0,0.010929020408010526
448,discovery,color-run,1,00000.jpg,00028.jpg,OFF,OFF/OFF,0.7067320002258429,0.5053562227521694,0.6060441114890062,0.7011594772338867,240326,0.5862753708040593,150,600,0.0,-0.014718877635745309,-0.013198059252050531,0.02140524654761422
448,discovery,color-run,1,00000.jpg,00028.jpg,trajectory_oracle,B/ALL,0.7281372467734571,0.5234551959956165,0.6257962213845368,0.7198035717010498,240326,0.5862753708040593,150,600,0.02140524654761422,0.006686368911868912,0.00820718729556369,0.02140524654761422
448,discovery,color-run,1,00000.jpg,00028.jpg,best_constant_oracle,B/B,0.7199300594778935,0.516127282048117,0.6180286707630053,0.7106333374977112,240326,0.5862753708040593,150,600,0.013198059252050531,-0.0015208183836947775,0.0,0.02140524654761422
448,discovery,color-run,1,00000.jpg,00028.jpg,A/A,A/A,0.717465860696575,0.5134552815117411,0.6154605711041581,0.7086398005485535,240326,0.5862753708040593,150,600,0.010733860470732104,-0.003985017165013205,-0.0024641987813184274,0.02140524654761422
448,discovery,color-run,1,00000.jpg,00028.jpg,B/B,B/B,0.7199300594778935,0.516127282048117,0.6180286707630053,0.7106333374977112,240326,0.5862753708040593,150,600,0.013198059252050531,-0.0015208183836947775,0.0,0.02140524654761422
448,discovery,color-run,1,00000.jpg,00028.jpg,ALL/ALL,ALL/ALL,0.7166364845368248,0.5068789781824483,0.6117577313596366,0.7130748629570007,240326,0.5862753708040593,150,600,0.009904484310981898,-0.004814393324763411,-0.0032935749410686332,0.02140524654761422
448,discovery,color-run,1,00000.jpg,00028.jpg,visible_selector,B/ALL,0.7281372467734571,0.5234551959956165,0.6257962213845368,0.7198035717010498,240326,0.5862753708040593,150,600,0.02140524654761422,0.006686368911868912,0.00820718729556369,0.02140524654761422
448,discovery,color-run,1,00000.jpg,00028.jpg,rgb_selector,ALL/A,0.7214174123394423,0.5161733384882587,0.6187953754138505,0.7127006649971008,240326,0.5862753708040593,150,600,0.014685412113599416,-3.346552214589238e-05,0.0014873528615488851,0.02140524654761422
448,discovery,color-run,1,00000.jpg,00028.jpg,best_fixed,ALL/B,0.7214508778615882,0.5162165029357777,0.618833690398683,0.7127006649971008,240326,0.5862753708040593,150,600,0.014718877635745309,0.0,0.0015208183836947775,0.02140524654761422
448,discovery,color-run,2,00000.jpg,00056.jpg,OFF,OFF/OFF,0.4839829233411385,0.43564351513966576,0.4598132192404021,0.4797035753726959,259183,0.6322770296643248,160,650,0.0,-0.0017234174068035957,-0.002219207691782299,0.003576822321468498
448,discovery,color-run,2,00000.jpg,00056.jpg,trajectory_oracle,ALL/OFF,0.487559745662607,0.43820497416366394,0.46288235991313537,0.4817798137664795,259183,0.6322770296643248,160,650,0.003576822321468498,0.0018534049146649023,0.001357614629686199,0.003576822321468498
448,discovery,color-run,2,00000.jpg,00056.jpg,best_constant_oracle,B/B,0.4862021310329208,0.43577679101543493,0.46098946102417787,0.47936543822288513,259183,0.6322770296643248,160,650,0.002219207691782299,0.0004957902849787033,0.0,0.003576822321468498
448,discovery,color-run,2,00000.jpg,00056.jpg,A/A,A/A,0.48581368355571497,0.43805806584807305,0.461935874701894,0.4783504903316498,259183,0.6322770296643248,160,650,0.0018307602145764545,0.00010734280777285887,-0.0003884474772058444,0.003576822321468498
448,discovery,color-run,2,00000.jpg,00056.jpg,B/B,B/B,0.4862021310329208,0.43577679101543493,0.46098946102417787,0.47936543822288513,259183,0.6322770296643248,160,650,0.002219207691782299,0.0004957902849787033,0.0,0.003576822321468498
448,discovery,color-run,2,00000.jpg,00056.jpg,ALL/ALL,ALL/ALL,0.4858018948565355,0.4358032318715133,0.4608025633640245,0.4789341390132904,259183,0.6322770296643248,160,650,0.0018189715153970054,9.555410859340974e-05,-0.0004002361763852935,0.003576822321468498
448,discovery,color-run,2,00000.jpg,00056.jpg,rgb_selector,B/ALL,0.4866457626789596,0.43774860275508903,0.46219718271702437,0.4800527095794678,259183,0.6322770296643248,160,650,0.002662839337821077,0.0009394219310174812,0.0004436316460387779,0.003576822321468498
448,discovery,color-run,2,00000.jpg,00056.jpg,visible_selector,B/ALL,0.4866457626789596,0.43774860275508903,0.46219718271702437,0.4800527095794678,259183,0.6322770296643248,160,650,0.002662839337821077,0.0009394219310174812,0.0004436316460387779,0.003576822321468498
448,discovery,color-run,2,00000.jpg,00056.jpg,best_fixed,ALL/B,0.4857063407479421,0.4370650933802926,0.46138571706411735,0.4783504903316498,259183,0.6322770296643248,160,650,0.0017234174068035957,0.0,-0.0004957902849787033,0.003576822321468498
448,discovery,dancing,1,00000.jpg,00020.jpg,OFF,OFF/OFF,0.5754615387414447,0.5934955956037239,0.5844785671725844,0.6158701777458191,44267,0.10798936377829821,24,109,0.0,0.0027740353083596236,0.0,0.0
448,discovery,dancing,1,00000.jpg,00020.jpg,trajectory_oracle,OFF/OFF,0.5754615387414447,0.5934955956037239,0.5844785671725844,0.6158701777458191,44267,0.10798936377829821,24,109,0.0,0.0027740353083596236,0.0,0.0
448,discovery,dancing,1,00000.jpg,00020.jpg,best_constant_oracle,OFF/OFF,0.5754615387414447,0.5934955956037239,0.5844785671725844,0.6158701777458191,44267,0.10798936377829821,24,109,0.0,0.0027740353083596236,0.0,0.0
448,discovery,dancing,1,00000.jpg,00020.jpg,A/A,A/A,0.5674392089144549,0.5845502911201771,0.5759947500173159,0.6035832762718201,44267,0.10798936377829821,24,109,-0.008022329826989805,-0.005248294518630181,-0.008022329826989805,0.0
448,discovery,dancing,1,00000.jpg,00020.jpg,B/B,B/B,0.5678517776474212,0.5902084321469525,0.5790301048971869,0.5920340418815613,44267,0.10798936377829821,24,109,-0.007609761094023448,-0.004835725785663825,-0.007609761094023448,0.0
448,discovery,dancing,1,00000.jpg,00020.jpg,ALL/ALL,ALL/ALL,0.5676250348680392,0.5955843611131368,0.581604697990588,0.5920340418815613,44267,0.10798936377829821,24,109,-0.00783650387340551,-0.005062468565045886,-0.00783650387340551,0.0
448,discovery,dancing,1,00000.jpg,00020.jpg,rgb_selector,A/ALL,0.5700466062491826,0.5927587267317177,0.5814026664904501,0.6012350916862488,44267,0.10798936377829821,24,109,-0.005414932492262103,-0.0026408971839024797,-0.005414932492262103,0.0
448,discovery,dancing,1,00000.jpg,00020.jpg,visible_selector,A/ALL,0.5700466062491826,0.5927587267317177,0.5814026664904501,0.6012350916862488,44267,0.10798936377829821,24,109,-0.005414932492262103,-0.0026408971839024797,-0.005414932492262103,0.0
448,discovery,dancing,1,00000.jpg,00020.jpg,best_fixed,ALL/B,0.572687503433085,0.5874708317815076,0.5800791676072964,0.5982069373130798,44267,0.10798936377829821,24,109,-0.0027740353083596236,0.0,-0.0027740353083596236,0.0
448,discovery,dancing,2,00000.jpg,00041.jpg,OFF,OFF/OFF,0.43882574088318166,0.4859456472914685,0.46238569408732505,0.4787417948246002,67950,0.16576405152224824,44,169,0.0,-0.008344390844308491,-0.020515099913723245,0.020515099913723245
448,discovery,dancing,2,00000.jpg,00041.jpg,trajectory_oracle,ALL/ALL,0.4593408407969049,0.5036622601029096,0.4815015504499072,0.5173000693321228,67950,0.16576405152224824,44,169,0.020515099913723245,0.012170709069414754,0.0,0.020515099913723245
448,discovery,dancing,2,00000.jpg,00041.jpg,best_constant_oracle,ALL/ALL,0.4593408407969049,0.5036622601029096,0.4815015504499072,0.5173000693321228,67950,0.16576405152224824,44,169,0.020515099913723245,0.012170709069414754,0.0,0.020515099913723245
448,discovery,dancing,2,00000.jpg,00041.jpg,A/A,A/A,0.44811952339064387,0.5035018192320617,0.4758106713113528,0.4885536730289459,67950,0.16576405152224824,44,169,0.009293782507462212,0.0009493916631537203,-0.011221317406261033,0.020515099913723245
448,discovery,dancing,2,00000.jpg,00041.jpg,B/B,B/B,0.4385579803500426,0.486655899079469,0.4626069397147558,0.4787417948246002,67950,0.16576405152224824,44,169,-0.0002677605331390387,-0.00861215137744753,-0.020782860446862284,0.020515099913723245
448,discovery,dancing,2,00000.jpg,00041.jpg,ALL/ALL,ALL/ALL,0.4593408407969049,0.5036622601029096,0.4815015504499072,0.5173000693321228,67950,0.16576405152224824,44,169,0.020515099913723245,0.012170709069414754,0.0,0.020515099913723245
448,discovery,dancing,2,00000.jpg,00041.jpg,rgb_selector,A/ALL,0.4512555324255679,0.5033493220467828,0.4773024272361754,0.49643898010253906,67950,0.16576405152224824,44,169,0.012429791542386215,0.0040854006980777235,-0.00808530837133703,0.020515099913723245
448,discovery,dancing,2,00000.jpg,00041.jpg,visible_selector,A/ALL,0.4512555324255679,0.5033493220467828,0.4773024272361754,0.49643898010253906,67950,0.16576405152224824,44,169,0.012429791542386215,0.0040854006980777235,-0.00808530837133703,0.020515099913723245
448,discovery,dancing,2,00000.jpg,00041.jpg,best_fixed,ALL/B,0.44717013172749015,0.49315986468631795,0.47016499820690405,0.49555477499961853,67950,0.16576405152224824,44,169,0.008344390844308491,0.0,-0.012170709069414754,0.020515099913723245
448,discovery,drone,1,00000.jpg,00030.jpg,OFF,OFF/OFF,0.4,0.4,0.4,0.0,11490,0.028029859484777517,8,27,0.0,0.0,0.0,0.0
448,discovery,drone,1,00000.jpg,00030.jpg,trajectory_oracle,OFF/OFF,0.4,0.4,0.4,0.0,11490,0.028029859484777517,8,27,0.0,0.0,0.0,0.0
448,discovery,drone,1,00000.jpg,00030.jpg,best_constant_oracle,OFF/OFF,0.4,0.4,0.4,0.0,11490,0.028029859484777517,8,27,0.0,0.0,0.0,0.0
448,discovery,drone,1,00000.jpg,00030.jpg,A/A,A/A,0.4,0.4,0.4,0.0,11490,0.028029859484777517,8,27,0.0,0.0,0.0,0.0
448,discovery,drone,1,00000.jpg,00030.jpg,B/B,B/B,0.4,0.4,0.4,0.0,11490,0.028029859484777517,8,27,0.0,0.0,0.0,0.0
448,discovery,drone,1,00000.jpg,00030.jpg,ALL/ALL,ALL/ALL,0.4,0.4,0.4,0.0,11490,0.028029859484777517,8,27,0.0,0.0,0.0,0.0
448,discovery,drone,1,00000.jpg,00030.jpg,visible_selector,OFF/ALL,0.4,0.4,0.4,0.0,11490,0.028029859484777517,8,27,0.0,0.0,0.0,0.0
448,discovery,drone,1,00000.jpg,00030.jpg,rgb_selector,A/ALL,0.4,0.4,0.4,0.0,11490,0.028029859484777517,8,27,0.0,0.0,0.0,0.0
448,discovery,drone,1,00000.jpg,00030.jpg,best_fixed,ALL/B,0.4,0.4,0.4,0.0,11490,0.028029859484777517,8,27,0.0,0.0,0.0,0.0
448,discovery,drone,2,00000.jpg,00060.jpg,OFF,OFF/OFF,0.13311637008352184,0.12946785235777009,0.13129211122064596,0.11748552322387695,140024,0.3415886026541764,87,354,0.0,-0.014085822785866703,-0.014085822785866703,0.014085822785866703
448,discovery,drone,2,00000.jpg,00060.jpg,trajectory_oracle,OFF/ALL,0.14720219286938854,0.14730862623961113,0.14725540955449984,0.13054725527763367,140024,0.3415886026541764,87,354,0.014085822785866703,0.0,0.0,0.014085822785866703
448,discovery,drone,2,00000.jpg,00060.jpg,best_constant_oracle,B/B,0.14720219286938854,0.14730862623961113,0.14725540955449984,0.13054725527763367,140024,0.3415886026541764,87,354,0.014085822785866703,0.0,0.0,0.014085822785866703
448,discovery,drone,2,00000.jpg,00060.jpg,A/A,A/A,0.1334874548966371,0.1295453775834225,0.1315164162400298,0.11721392720937729,140024,0.3415886026541764,87,354,0.0003710848131152633,-0.01371473797275144,-0.01371473797275144,0.014085822785866703
448,discovery,drone,2,00000.jpg,00060.jpg,B/B,B/B,0.14720219286938854,0.14730862623961113,0.14725540955449984,0.13054725527763367,140024,0.3415886026541764,87,354,0.014085822785866703,0.0,0.0,0.014085822785866703
448,discovery,drone,2,00000.jpg,00060.jpg,ALL/ALL,ALL/ALL,0.14720219286938854,0.14730862623961113,0.14725540955449984,0.13054725527763367,140024,0.3415886026541764,87,354,0.014085822785866703,0.0,0.0,0.014085822785866703
448,discovery,drone,2,00000.jpg,00060.jpg,best_fixed,ALL/B,0.14720219286938854,0.14730862623961113,0.14725540955449984,0.13054725527763367,140024,0.3415886026541764,87,354,0.014085822785866703,0.0,0.0,0.014085822785866703
448,discovery,drone,2,00000.jpg,00060.jpg,rgb_selector,ALL/ALL,0.14720219286938854,0.14730862623961113,0.14725540955449984,0.13054725527763367,140024,0.3415886026541764,87,354,0.014085822785866703,0.0,0.0,0.014085822785866703
448,discovery,drone,2,00000.jpg,00060.jpg,visible_selector,ALL/ALL,0.14720219286938854,0.14730862623961113,0.14725540955449984,0.13054725527763367,140024,0.3415886026541764,87,354,0.014085822785866703,0.0,0.0,0.014085822785866703
448,discovery,lindy-hop,1,00000.jpg,00024.jpg,OFF,OFF/OFF,0.3017037148733891,0.37181212462423724,0.3367579197488132,0.35856419801712036,100895,0.2461333918813427,66,248,0.0,-0.00279095796310308,-0.0028501655602777287,0.0034751643420755096
448,discovery,lindy-hop,1,00000.jpg,00024.jpg,trajectory_oracle,ALL/OFF,0.3051788792154646,0.37362492540994174,0.3394019023127032,0.36235320568084717,100895,0.2461333918813427,66,248,0.0034751643420755096,0.0006842063789724295,0.0006249987817977809,0.0034751643420755096
448,discovery,lindy-hop,1,00000.jpg,00024.jpg,best_constant_oracle,A/A,0.3045538804336668,0.37441798523217384,0.33948593283292033,0.3609069585800171,100895,0.2461333918813427,66,248,0.0028501655602777287,5.920759717464863e-05,0.0,0.0034751643420755096
448,discovery,lindy-hop,1,00000.jpg,00024.jpg,A/A,A/A,0.3045538804336668,0.37441798523217384,0.33948593283292033,0.3609069585800171,100895,0.2461333918813427,66,248,0.0028501655602777287,5.920759717464863e-05,0.0,0.0034751643420755096
448,discovery,lindy-hop,1,00000.jpg,00024.jpg,B/B,B/B,0.3045538804336668,0.37441798523217384,0.33948593283292033,0.3560992479324341,100895,0.2461333918813427,66,248,0.0028501655602777287,5.920759717464863e-05,0.0,0.0034751643420755096
448,discovery,lindy-hop,1,00000.jpg,00024.jpg,ALL/ALL,ALL/ALL,0.3037886979270471,0.37148771922157275,0.3376382085743099,0.34390389919281006,100895,0.2461333918813427,66,248,0.002084983053658007,-0.0007059749094450729,-0.0007651825066197215,0.0034751643420755096
448,discovery,lindy-hop,1,00000.jpg,00024.jpg,rgb_selector,ALL/A,0.3044266277026939,0.3736569525461847,0.33904179012443925,0.3560992479324341,100895,0.2461333918813427,66,248,0.0027229128293048133,-6.804513379826682e-05,-0.00012725273097291545,0.0034751643420755096
448,discovery,lindy-hop,1,00000.jpg,00024.jpg,visible_selector,ALL/A,0.3044266277026939,0.3736569525461847,0.33904179012443925,0.3560992479324341,100895,0.2461333918813427,66,248,0.0027229128293048133,-6.804513379826682e-05,-0.00012725273097291545,0.0034751643420755096
448,discovery,lindy-hop,1,00000.jpg,00024.jpg,best_fixed,ALL/B,0.3044946728364922,0.3723484329196091,0.33842155287805065,0.3552675247192383,100895,0.2461333918813427,66,248,0.00279095796310308,0.0,-5.920759717464863e-05,0.0034751643420755096
448,discovery,lindy-hop,2,00000.jpg,00048.jpg,OFF,OFF/OFF,0.23715738897865218,0.36154244466264807,0.29934991682065015,0.25113844871520996,121780,0.2970823575331772,77,309,0.0,0.0032120894612892026,0.0,0.0008792203844261437
448,discovery,lindy-hop,2,00000.jpg,00048.jpg,trajectory_oracle,OFF/B,0.23803660936307833,0.36092994019169583,0.2994832747773871,0.2525777220726013,121780,0.2970823575331772,77,309,0.0008792203844261437,0.004091309845715346,0.0008792203844261437,0.0008792203844261437
448,discovery,lindy-hop,2,00000.jpg,00048.jpg,best_constant_oracle,OFF/OFF,0.23715738897865218,0.36154244466264807,0.29934991682065015,0.25113844871520996,121780,0.2970823575331772,77,309,0.0,0.0032120894612892026,0.0,0.0008792203844261437
448,discovery,lindy-hop,2,00000.jpg,00048.jpg,A/A,A/A,0.23380869323257042,0.3578854780170573,0.2958470856248139,0.24370481073856354,121780,0.2970823575331772,77,309,-0.0033486957460817646,-0.00013660628479256198,-0.0033486957460817646,0.0008792203844261437
448,discovery,lindy-hop,2,00000.jpg,00048.jpg,B/B,B/B,0.23378707843992963,0.3578599612770942,0.2958235198585119,0.24370481073856354,121780,0.2970823575331772,77,309,-0.003370310538722554,-0.00015822107743335145,-0.003370310538722554,0.0008792203844261437
448,discovery,lindy-hop,2,00000.jpg,00048.jpg,ALL/ALL,ALL/ALL,0.23456167410682044,0.3562736469001358,0.2954176605034781,0.2465595304965973,121780,0.2970823575331772,77,309,-0.0025957148718317447,0.0006163745894574579,-0.0025957148718317447,0.0008792203844261437
448,discovery,lindy-hop,2,00000.jpg,00048.jpg,rgb_selector,ALL/B,0.23394529951736298,0.3568332764046288,0.2953892879609959,0.24322788417339325,121780,0.2970823575331772,77,309,-0.0032120894612892026,0.0,-0.0032120894612892026,0.0008792203844261437
448,discovery,lindy-hop,2,00000.jpg,00048.jpg,best_fixed,ALL/B,0.23394529951736298,0.3568332764046288,0.2953892879609959,0.24322788417339325,121780,0.2970823575331772,77,309,-0.0032120894612892026,0.0,-0.0032120894612892026,0.0008792203844261437
448,discovery,lindy-hop,2,00000.jpg,00048.jpg,visible_selector,ALL/ALL,0.23456167410682044,0.3562736469001358,0.2954176605034781,0.2465595304965973,121780,0.2970823575331772,77,309,-0.0025957148718317447,0.0006163745894574579,-0.0025957148718317447,0.0008792203844261437
448,discovery,lucia,1,00000.jpg,00023.jpg,OFF,OFF/OFF,0.7224358401144595,0.6268731827331694,0.6746545114238145,0.7241379022598267,20142,0.049136416861826696,13,49,0.0,-0.004491703886255194,-0.004459232918997413,0.004491703886255194
448,discovery,lucia,1,00000.jpg,00023.jpg,trajectory_oracle,B/ALL,0.7269275440007147,0.6292226919666731,0.6780751179836939,0.7413793206214905,20142,0.049136416861826696,13,49,0.004491703886255194,0.0,3.2470967257780536e-05,0.004491703886255194
448,discovery,lucia,1,00000.jpg,00023.jpg,best_constant_oracle,ALL/ALL,0.7268950730334569,0.6293112185971893,0.678103145815323,0.7413793206214905,20142,0.049136416861826696,13,49,0.004459232918997413,-3.2470967257780536e-05,0.0,0.004491703886255194
448,discovery,lucia,1,00000.jpg,00023.jpg,A/A,A/A,0.7224035409308356,0.6269615676308287,0.6746825542808321,0.7241379022598267,20142,0.049136416861826696,13,49,-3.229918362390727e-05,-0.004524003069879101,-0.004491532102621321,0.004491703886255194
448,discovery,lucia,1,00000.jpg,00023.jpg,B/B,B/B,0.7224358401144595,0.6268731827331694,0.6746545114238145,0.7241379022598267,20142,0.049136416861826696,13,49,0.0,-0.004491703886255194,-0.004459232918997413,0.004491703886255194
448,discovery,lucia,1,00000.jpg,00023.jpg,ALL/ALL,ALL/ALL,0.7268950730334569,0.6293112185971893,0.678103145815323,0.7413793206214905,20142,0.049136416861826696,13,49,0.004459232918997413,-3.2470967257780536e-05,0.0,0.004491703886255194
448,discovery,lucia,1,00000.jpg,00023.jpg,rgb_selector,B/ALL,0.7269275440007147,0.6292226919666731,0.6780751179836939,0.7413793206214905,20142,0.049136416861826696,13,49,0.004491703886255194,0.0,3.2470967257780536e-05,0.004491703886255194
448,discovery,lucia,1,00000.jpg,00023.jpg,visible_selector,ALL/A,0.7269275440007147,0.6292226919666731,0.6780751179836939,0.7413793206214905,20142,0.049136416861826696,13,49,0.004491703886255194,0.0,3.2470967257780536e-05,0.004491703886255194
448,discovery,lucia,1,00000.jpg,00023.jpg,best_fixed,ALL/B,0.7269275440007147,0.6292226919666731,0.6780751179836939,0.7413793206214905,20142,0.049136416861826696,13,49,0.004491703886255194,0.0,3.2470967257780536e-05,0.004491703886255194
448,discovery,lucia,2,00000.jpg,00046.jpg,OFF,OFF/OFF,0.6808117206391352,0.6596045043649399,0.6702081125020376,0.625,18486,0.04509660421545667,13,46,0.0,0.0,0.0,0.0
448,discovery,lucia,2,00000.jpg,00046.jpg,trajectory_oracle,OFF/OFF,0.6808117206391352,0.6596045043649399,0.6702081125020376,0.625,18486,0.04509660421545667,13,46,0.0,0.0,0.0,0.0
448,discovery,lucia,2,00000.jpg,00046.jpg,best_constant_oracle,OFF/OFF,0.6808117206391352,0.6596045043649399,0.6702081125020376,0.625,18486,0.04509660421545667,13,46,0.0,0.0,0.0,0.0
448,discovery,lucia,2,00000.jpg,00046.jpg,A/A,A/A,0.6808117206391352,0.6596045043649399,0.6702081125020376,0.625,18486,0.04509660421545667,13,46,0.0,0.0,0.0,0.0
448,discovery,lucia,2,00000.jpg,00046.jpg,B/B,B/B,0.6808117206391352,0.6596045043649399,0.6702081125020376,0.625,18486,0.04509660421545667,13,46,0.0,0.0,0.0,0.0
448,discovery,lucia,2,00000.jpg,00046.jpg,ALL/ALL,ALL/ALL,0.6808117206391352,0.6596045043649399,0.6702081125020376,0.625,18486,0.04509660421545667,13,46,0.0,0.0,0.0,0.0
448,discovery,lucia,2,00000.jpg,00046.jpg,rgb_selector,ALL/A,0.6808117206391352,0.6596045043649399,0.6702081125020376,0.625,18486,0.04509660421545667,13,46,0.0,0.0,0.0,0.0
448,discovery,lucia,2,00000.jpg,00046.jpg,visible_selector,ALL/A,0.6808117206391352,0.6596045043649399,0.6702081125020376,0.625,18486,0.04509660421545667,13,46,0.0,0.0,0.0,0.0
448,discovery,lucia,2,00000.jpg,00046.jpg,best_fixed,ALL/B,0.6808117206391352,0.6596045043649399,0.6702081125020376,0.625,18486,0.04509660421545667,13,46,0.0,0.0,0.0,0.0
448,discovery,motocross-bumps,1,00000.jpg,00020.jpg,OFF,OFF/OFF,0.364691767241514,0.46302864741456956,0.41386020732804174,0.41923078894615173,16725,0.040800644028103045,13,41,0.0,-0.020033941820261636,-0.000563945793576659,0.020033941820261636
448,discovery,motocross-bumps,1,00000.jpg,00020.jpg,trajectory_oracle,ALL/A,0.3847257090617756,0.482120948730637,0.4334233288962063,0.4384615421295166,16725,0.040800644028103045,13,41,0.020033941820261636,0.0,0.019469996026684977,0.020033941820261636
448,discovery,motocross-bumps,1,00000.jpg,00020.jpg,best_constant_oracle,A/A,0.36525571303509063,0.46405310434220665,0.4146544086886486,0.41923078894615173,16725,0.040800644028103045,13,41,0.000563945793576659,-0.019469996026684977,0.0,0.020033941820261636
448,discovery,motocross-bumps,1,00000.jpg,00020.jpg,A/A,A/A,0.36525571303509063,0.46405310434220665,0.4146544086886486,0.41923078894615173,16725,0.040800644028103045,13,41,0.000563945793576659,-0.019469996026684977,0.0,0.020033941820261636
448,discovery,motocross-bumps,1,00000.jpg,00020.jpg,B/B,B/B,0.36525571303509063,0.46405310434220665,0.4146544086886486,0.41923078894615173,16725,0.040800644028103045,13,41,0.000563945793576659,-0.019469996026684977,0.0,0.020033941820261636
448,discovery,motocross-bumps,1,00000.jpg,00020.jpg,ALL/ALL,ALL/ALL,0.364691767241514,0.46302864741456956,0.41386020732804174,0.41923078894615173,16725,0.040800644028103045,13,41,0.0,-0.020033941820261636,-0.000563945793576659,0.020033941820261636
448,discovery,motocross-bumps,1,00000.jpg,00020.jpg,rgb_selector,A/A,0.36525571303509063,0.46405310434220665,0.4146544086886486,0.41923078894615173,16725,0.040800644028103045,13,41,0.000563945793576659,-0.019469996026684977,0.0,0.020033941820261636
448,discovery,motocross-bumps,1,00000.jpg,00020.jpg,visible_selector,A/B,0.36525571303509063,0.46405310434220665,0.4146544086886486,0.41923078894615173,16725,0.040800644028103045,13,41,0.000563945793576659,-0.019469996026684977,0.0,0.020033941820261636
448,discovery,motocross-bumps,1,00000.jpg,00020.jpg,best_fixed,ALL/B,0.3847257090617756,0.482120948730637,0.4334233288962063,0.4384615421295166,16725,0.040800644028103045,13,41,0.020033941820261636,0.0,0.019469996026684977,0.020033941820261636
448,discovery,motocross-bumps,2,00000.jpg,00040.jpg,OFF,OFF/OFF,0.22564999331552127,0.22572976032022157,0.2256898768178714,0.2840970456600189,121033,0.2952600507416081,78,297,0.0,-0.009120651954970388,-0.009120651954970388,0.02258197414102253
448,discovery,motocross-bumps,2,00000.jpg,00040.jpg,trajectory_oracle,ALL/OFF,0.2482319674565438,0.2388895470821459,0.24356075726934484,0.30221328139305115,121033,0.2952600507416081,78,297,0.02258197414102253,0.013461322186052144,0.013461322186052144,0.02258197414102253
448,discovery,motocross-bumps,2,00000.jpg,00040.jpg,best_constant_oracle,A/A,0.23477064527049166,0.22681808152645344,0.23079436339847256,0.2912174165248871,121033,0.2952600507416081,78,297,0.009120651954970388,0.0,0.0,0.02258197414102253
448,discovery,motocross-bumps,2,00000.jpg,00040.jpg,A/A,A/A,0.23477064527049166,0.22681808152645344,0.23079436339847256,0.2912174165248871,121033,0.2952600507416081,78,297,0.009120651954970388,0.0,0.0,0.02258197414102253
448,discovery,motocross-bumps,2,00000.jpg,00040.jpg,B/B,B/B,0.23212542442118048,0.22572976032022157,0.228927592370701,0.28885895013809204,121033,0.2952600507416081,78,297,0.006475431105659207,-0.0026452208493111806,-0.0026452208493111806,0.02258197414102253
448,discovery,motocross-bumps,2,00000.jpg,00040.jpg,ALL/ALL,ALL/ALL,0.2180891146847552,0.21916248697640198,0.2186258008305786,0.2777928113937378,121033,0.2952600507416081,78,297,-0.007560878630766071,-0.01668153058573646,-0.01668153058573646,0.02258197414102253
448,discovery,motocross-bumps,2,00000.jpg,00040.jpg,rgb_selector,A/A,0.23477064527049166,0.22681808152645344,0.23079436339847256,0.2912174165248871,121033,0.2952600507416081,78,297,0.009120651954970388,0.0,0.0,0.02258197414102253
448,discovery,motocross-bumps,2,00000.jpg,00040.jpg,visible_selector,ALL/B,0.23477064527049166,0.22681808152645344,0.23079436339847256,0.2912174165248871,121033,0.2952600507416081,78,297,0.009120651954970388,0.0,0.0,0.02258197414102253
448,discovery,motocross-bumps,2,00000.jpg,00040.jpg,best_fixed,ALL/B,0.23477064527049166,0.22681808152645344,0.23079436339847256,0.2912174165248871,121033,0.2952600507416081,78,297,0.009120651954970388,0.0,0.0,0.02258197414102253
448,discovery,paragliding,1,00000.jpg,00023.jpg,OFF,OFF/OFF,0.40835266821345706,0.42356000213405814,0.41595633517375763,0.4749999940395355,8025,0.019576990632318502,5,21,0.0,0.0,0.0,0.0
448,discovery,paragliding,1,00000.jpg,00023.jpg,trajectory_oracle,OFF/OFF,0.40835266821345706,0.42356000213405814,0.41595633517375763,0.4749999940395355,8025,0.019576990632318502,5,21,0.0,0.0,0.0,0.0
448,discovery,paragliding,1,00000.jpg,00023.jpg,best_constant_oracle,OFF/OFF,0.40835266821345706,0.42356000213405814,0.41595633517375763,0.4749999940395355,8025,0.019576990632318502,5,21,0.0,0.0,0.0,0.0
448,discovery,paragliding,1,00000.jpg,00023.jpg,A/A,A/A,0.40835266821345706,0.42356000213405814,0.41595633517375763,0.4749999940395355,8025,0.019576990632318502,5,21,0.0,0.0,0.0,0.0
448,discovery,paragliding,1,00000.jpg,00023.jpg,B/B,B/B,0.40835266821345706,0.42356000213405814,0.41595633517375763,0.4749999940395355,8025,0.019576990632318502,5,21,0.0,0.0,0.0,0.0
448,discovery,paragliding,1,00000.jpg,00023.jpg,ALL/ALL,ALL/ALL,0.40835266821345706,0.42356000213405814,0.41595633517375763,0.4749999940395355,8025,0.019576990632318502,5,21,0.0,0.0,0.0,0.0
448,discovery,paragliding,1,00000.jpg,00023.jpg,rgb_selector,A/A,0.40835266821345706,0.42356000213405814,0.41595633517375763,0.4749999940395355,8025,0.019576990632318502,5,21,0.0,0.0,0.0,0.0
448,discovery,paragliding,1,00000.jpg,00023.jpg,visible_selector,ALL/OFF,0.40835266821345706,0.42356000213405814,0.41595633517375763,0.4749999940395355,8025,0.019576990632318502,5,21,0.0,0.0,0.0,0.0
448,discovery,paragliding,1,00000.jpg,00023.jpg,best_fixed,ALL/B,0.40835266821345706,0.42356000213405814,0.41595633517375763,0.4749999940395355,8025,0.019576990632318502,5,21,0.0,0.0,0.0,0.0
448,discovery,paragliding,2,00000.jpg,00046.jpg,OFF,OFF/OFF,0.5135776349152146,0.6997244670027978,0.6066510509590062,0.8636363744735718,7585,0.018503610460577673,6,19,0.0,0.0,0.0,0.0
448,discovery,paragliding,2,00000.jpg,00046.jpg,trajectory_oracle,OFF/OFF,0.5135776349152146,0.6997244670027978,0.6066510509590062,0.8636363744735718,7585,0.018503610460577673,6,19,0.0,0.0,0.0,0.0
448,discovery,paragliding,2,00000.jpg,00046.jpg,best_constant_oracle,OFF/OFF,0.5135776349152146,0.6997244670027978,0.6066510509590062,0.8636363744735718,7585,0.018503610460577673,6,19,0.0,0.0,0.0,0.0
448,discovery,paragliding,2,00000.jpg,00046.jpg,A/A,A/A,0.5135776349152146,0.6997244670027978,0.6066510509590062,0.8636363744735718,7585,0.018503610460577673,6,19,0.0,0.0,0.0,0.0
448,discovery,paragliding,2,00000.jpg,00046.jpg,B/B,B/B,0.5135776349152146,0.6997244670027978,0.6066510509590062,0.8636363744735718,7585,0.018503610460577673,6,19,0.0,0.0,0.0,0.0
448,discovery,paragliding,2,00000.jpg,00046.jpg,ALL/ALL,ALL/ALL,0.5135776349152146,0.6997244670027978,0.6066510509590062,0.8636363744735718,7585,0.018503610460577673,6,19,0.0,0.0,0.0,0.0
448,discovery,paragliding,2,00000.jpg,00046.jpg,visible_selector,OFF/ALL,0.5135776349152146,0.6997244670027978,0.6066510509590062,0.8636363744735718,7585,0.018503610460577673,6,19,0.0,0.0,0.0,0.0
448,discovery,paragliding,2,00000.jpg,00046.jpg,rgb_selector,A/A,0.5135776349152146,0.6997244670027978,0.6066510509590062,0.8636363744735718,7585,0.018503610460577673,6,19,0.0,0.0,0.0,0.0
448,discovery,paragliding,2,00000.jpg,00046.jpg,best_fixed,ALL/B,0.5135776349152146,0.6997244670027978,0.6066510509590062,0.8636363744735718,7585,0.018503610460577673,6,19,0.0,0.0,0.0,0.0
448,discovery,sheep,1,00000.jpg,00022.jpg,OFF,OFF/OFF,0.2920037168412758,0.4176517457492383,0.354827731295257,0.44395121932029724,25575,0.0623902224824356,13,69,0.0,0.0,0.0,0.0
448,discovery,sheep,1,00000.jpg,00022.jpg,trajectory_oracle,OFF/OFF,0.2920037168412758,0.4176517457492383,0.354827731295257,0.44395121932029724,25575,0.0623902224824356,13,69,0.0,0.0,0.0,0.0
448,discovery,sheep,1,00000.jpg,00022.jpg,best_constant_oracle,OFF/OFF,0.2920037168412758,0.4176517457492383,0.354827731295257,0.44395121932029724,25575,0.0623902224824356,13,69,0.0,0.0,0.0,0.0
448,discovery,sheep,1,00000.jpg,00022.jpg,A/A,A/A,0.2824977093423954,0.41696249871418267,0.349730104028289,0.4469512403011322,25575,0.0623902224824356,13,69,-0.00950600749888042,-0.00950600749888042,-0.00950600749888042,0.0
448,discovery,sheep,1,00000.jpg,00022.jpg,B/B,B/B,0.2798046534773788,0.4134529319203349,0.3466287926988569,0.4469512403011322,25575,0.0623902224824356,13,69,-0.012199063363896978,-0.012199063363896978,-0.012199063363896978,0.0
448,discovery,sheep,1,00000.jpg,00022.jpg,ALL/ALL,ALL/ALL,0.2920037168412758,0.4176517457492383,0.354827731295257,0.44395121932029724,25575,0.0623902224824356,13,69,0.0,0.0,0.0,0.0
448,discovery,sheep,1,00000.jpg,00022.jpg,visible_selector,OFF/OFF,0.2920037168412758,0.4176517457492383,0.354827731295257,0.44395121932029724,25575,0.0623902224824356,13,69,0.0,0.0,0.0,0.0
448,discovery,sheep,1,00000.jpg,00022.jpg,rgb_selector,ALL/A,0.2824878048649889,0.4169018742386836,0.3496948395518363,0.4469512403011322,25575,0.0623902224824356,13,69,-0.009515911976286873,-0.009515911976286873,-0.009515911976286873,0.0
448,discovery,sheep,1,00000.jpg,00022.jpg,best_fixed,ALL/B,0.2920037168412758,0.4176517457492383,0.354827731295257,0.44395121932029724,25575,0.0623902224824356,13,69,0.0,0.0,0.0,0.0
448,discovery,sheep,2,00000.jpg,00045.jpg,OFF,OFF/OFF,0.2207077982073201,0.3232270566115987,0.27196742740945934,0.29729345440864563,24254,0.059167642466822795,17,67,0.0,0.0,-0.0026124880355958557,0.0026124880355958557
448,discovery,sheep,2,00000.jpg,00045.jpg,trajectory_oracle,OFF/ALL,0.22332028624291594,0.3232270566115987,0.27327367142725734,0.30143290758132935,24254,0.059167642466822795,17,67,0.0026124880355958557,0.0026124880355958557,0.0,0.0026124880355958557
448,discovery,sheep,2,00000.jpg,00045.jpg,best_constant_oracle,B/B,0.22332028624291594,0.3232270566115987,0.27327367142725734,0.30143290758132935,24254,0.059167642466822795,17,67,0.0026124880355958557,0.0026124880355958557,0.0,0.0026124880355958557
448,discovery,sheep,2,00000.jpg,00045.jpg,A/A,A/A,0.22087775833569762,0.3232270566115987,0.2720524074736481,0.30000001192092896,24254,0.059167642466822795,17,67,0.0001699601283775276,0.0001699601283775276,-0.002442527907218328,0.0026124880355958557
448,discovery,sheep,2,00000.jpg,00045.jpg,B/B,B/B,0.22332028624291594,0.3232270566115987,0.27327367142725734,0.30143290758132935,24254,0.059167642466822795,17,67,0.0026124880355958557,0.0026124880355958557,0.0,0.0026124880355958557
448,discovery,sheep,2,00000.jpg,00045.jpg,ALL/ALL,ALL/ALL,0.2207077982073201,0.3232270566115987,0.27196742740945934,0.29729345440864563,24254,0.059167642466822795,17,67,0.0,0.0,-0.0026124880355958557,0.0026124880355958557
448,discovery,sheep,2,00000.jpg,00045.jpg,visible_selector,OFF/OFF,0.2207077982073201,0.3232270566115987,0.27196742740945934,0.29729345440864563,24254,0.059167642466822795,17,67,0.0,0.0,-0.0026124880355958557,0.0026124880355958557
448,discovery,sheep,2,00000.jpg,00045.jpg,rgb_selector,ALL/A,0.22087775833569762,0.3232270566115987,0.2720524074736481,0.30000001192092896,24254,0.059167642466822795,17,67,0.0001699601283775276,0.0001699601283775276,-0.002442527907218328,0.0026124880355958557
448,discovery,sheep,2,00000.jpg,00045.jpg,best_fixed,ALL/B,0.2207077982073201,0.3232270566115987,0.27196742740945934,0.29862117767333984,24254,0.059167642466822795,17,67,0.0,0.0,-0.0026124880355958557,0.0026124880355958557
448,discovery,tractor-sand,1,00000.jpg,00025.jpg,OFF,OFF/OFF,0.4109777080829562,0.4919132688324723,0.4514454884577142,0.4977777898311615,15678,0.03824648711943794,10,35,0.0,0.0,0.0,0.0
448,discovery,tractor-sand,1,00000.jpg,00025.jpg,trajectory_oracle,OFF/OFF,0.4109777080829562,0.4919132688324723,0.4514454884577142,0.4977777898311615,15678,0.03824648711943794,10,35,0.0,0.0,0.0,0.0
448,discovery,tractor-sand,1,00000.jpg,00025.jpg,best_constant_oracle,OFF/OFF,0.4109777080829562,0.4919132688324723,0.4514454884577142,0.4977777898311615,15678,0.03824648711943794,10,35,0.0,0.0,0.0,0.0
448,discovery,tractor-sand,1,00000.jpg,00025.jpg,A/A,A/A,0.4109777080829562,0.4919132688324723,0.4514454884577142,0.4977777898311615,15678,0.03824648711943794,10,35,0.0,0.0,0.0,0.0
448,discovery,tractor-sand,1,00000.jpg,00025.jpg,B/B,B/B,0.4047917125981442,0.4855317223377833,0.44516171746796385,0.4880341589450836,15678,0.03824648711943794,10,35,-0.006185995484811968,-0.006185995484811968,-0.006185995484811968,0.0
448,discovery,tractor-sand,1,00000.jpg,00025.jpg,ALL/ALL,ALL/ALL,0.4109777080829562,0.4919132688324723,0.4514454884577142,0.4977777898311615,15678,0.03824648711943794,10,35,0.0,0.0,0.0,0.0
448,discovery,tractor-sand,1,00000.jpg,00025.jpg,rgb_selector,ALL/A,0.4047917125981442,0.4855317223377833,0.44516171746796385,0.4880341589450836,15678,0.03824648711943794,10,35,-0.006185995484811968,-0.006185995484811968,-0.006185995484811968,0.0
448,discovery,tractor-sand,1,00000.jpg,00025.jpg,best_fixed,ALL/B,0.4109777080829562,0.4919132688324723,0.4514454884577142,0.4977777898311615,15678,0.03824648711943794,10,35,0.0,0.0,0.0,0.0
448,discovery,tractor-sand,1,00000.jpg,00025.jpg,visible_selector,ALL/ALL,0.4109777080829562,0.4919132688324723,0.4514454884577142,0.4977777898311615,15678,0.03824648711943794,10,35,0.0,0.0,0.0,0.0
448,discovery,tractor-sand,2,00000.jpg,00050.jpg,OFF,OFF/OFF,0.17657613369669697,0.3488668728742337,0.26272150328546534,0.23333333432674408,7316,0.017847384855581575,3,21,0.0,0.0,0.0,0.0
448,discovery,tractor-sand,2,00000.jpg,00050.jpg,trajectory_oracle,OFF/OFF,0.17657613369669697,0.3488668728742337,0.26272150328546534,0.23333333432674408,7316,0.017847384855581575,3,21,0.0,0.0,0.0,0.0
448,discovery,tractor-sand,2,00000.jpg,00050.jpg,best_constant_oracle,OFF/OFF,0.17657613369669697,0.3488668728742337,0.26272150328546534,0.23333333432674408,7316,0.017847384855581575,3,21,0.0,0.0,0.0,0.0
448,discovery,tractor-sand,2,00000.jpg,00050.jpg,A/A,A/A,0.17657613369669697,0.3488668728742337,0.26272150328546534,0.23333333432674408,7316,0.017847384855581575,3,21,0.0,0.0,0.0,0.0
448,discovery,tractor-sand,2,00000.jpg,00050.jpg,B/B,B/B,0.1754914128399517,0.3478733541630849,0.26168238350151823,0.23333333432674408,7316,0.017847384855581575,3,21,-0.0010847208567452693,-0.0010847208567452693,-0.0010847208567452693,0.0
448,discovery,tractor-sand,2,00000.jpg,00050.jpg,ALL/ALL,ALL/ALL,0.1754914128399517,0.3478733541630849,0.26168238350151823,0.23333333432674408,7316,0.017847384855581575,3,21,-0.0010847208567452693,-0.0010847208567452693,-0.0010847208567452693,0.0
448,discovery,tractor-sand,2,00000.jpg,00050.jpg,rgb_selector,A/ALL,0.1754914128399517,0.3478733541630849,0.26168238350151823,0.23333333432674408,7316,0.017847384855581575,3,21,-0.0010847208567452693,-0.0010847208567452693,-0.0010847208567452693,0.0
448,discovery,tractor-sand,2,00000.jpg,00050.jpg,visible_selector,A/ALL,0.1754914128399517,0.3478733541630849,0.26168238350151823,0.23333333432674408,7316,0.017847384855581575,3,21,-0.0010847208567452693,-0.0010847208567452693,-0.0010847208567452693,0.0
448,discovery,tractor-sand,2,00000.jpg,00050.jpg,best_fixed,ALL/B,0.17657613369669697,0.3488668728742337,0.26272150328546534,0.23333333432674408,7316,0.017847384855581575,3,21,0.0,0.0,0.0,0.0
448,validation,bear,1,00000.jpg,00027.jpg,OFF,OFF/OFF,0.8797412002136878,0.8375845539554315,0.8586628770845597,0.8960000276565552,48160,0.11748633879781421,32,122,0.0,0.0,0.0,0.0
448,validation,bear,1,00000.jpg,00027.jpg,trajectory_oracle,OFF/OFF,0.8797412002136878,0.8375845539554315,0.8586628770845597,0.8960000276565552,48160,0.11748633879781421,32,122,0.0,0.0,0.0,0.0
448,validation,bear,1,00000.jpg,00027.jpg,best_constant_oracle,OFF/OFF,0.8797412002136878,0.8375845539554315,0.8586628770845597,0.8960000276565552,48160,0.11748633879781421,32,122,0.0,0.0,0.0,0.0
448,validation,bear,1,00000.jpg,00027.jpg,A/A,A/A,0.8797412002136878,0.8375845539554315,0.8586628770845597,0.8960000276565552,48160,0.11748633879781421,32,122,0.0,0.0,0.0,0.0
448,validation,bear,1,00000.jpg,00027.jpg,B/B,B/B,0.8797412002136878,0.8375845539554315,0.8586628770845597,0.8960000276565552,48160,0.11748633879781421,32,122,0.0,0.0,0.0,0.0
448,validation,bear,1,00000.jpg,00027.jpg,ALL/ALL,ALL/ALL,0.8797412002136878,0.8375845539554315,0.8586628770845597,0.8960000276565552,48160,0.11748633879781421,32,122,0.0,0.0,0.0,0.0
448,validation,bear,1,00000.jpg,00027.jpg,visible_selector,OFF/OFF,0.8797412002136878,0.8375845539554315,0.8586628770845597,0.8960000276565552,48160,0.11748633879781421,32,122,0.0,0.0,0.0,0.0
448,validation,bear,1,00000.jpg,00027.jpg,rgb_selector,A/ALL,0.8797412002136878,0.8375845539554315,0.8586628770845597,0.8960000276565552,48160,0.11748633879781421,32,122,0.0,0.0,0.0,0.0
448,validation,bear,1,00000.jpg,00027.jpg,best_fixed,ALL/B,0.8797412002136878,0.8375845539554315,0.8586628770845597,0.8960000276565552,48160,0.11748633879781421,32,122,0.0,0.0,0.0,0.0
448,validation,bear,2,00000.jpg,00054.jpg,OFF,OFF/OFF,0.8842438232025306,0.8584298296029858,0.8713368264027581,0.8717948794364929,44139,0.10767710772833723,26,109,0.0,-0.003778126553106942,-0.003778126553106942,0.003778126553106942
448,validation,bear,2,00000.jpg,00054.jpg,trajectory_oracle,A/A,0.8880219497556375,0.8799216330517105,0.883971791403674,0.8717948794364929,44139,0.10767710772833723,26,109,0.003778126553106942,0.0,0.0,0.003778126553106942
448,validation,bear,2,00000.jpg,00054.jpg,best_constant_oracle,A/A,0.8880219497556375,0.8799216330517105,0.883971791403674,0.8717948794364929,44139,0.10767710772833723,26,109,0.003778126553106942,0.0,0.0,0.003778126553106942
448,validation,bear,2,00000.jpg,00054.jpg,A/A,A/A,0.8880219497556375,0.8799216330517105,0.883971791403674,0.8717948794364929,44139,0.10767710772833723,26,109,0.003778126553106942,0.0,0.0,0.003778126553106942
448,validation,bear,2,00000.jpg,00054.jpg,B/B,B/B,0.8880219497556375,0.8799216330517105,0.883971791403674,0.8717948794364929,44139,0.10767710772833723,26,109,0.003778126553106942,0.0,0.0,0.003778126553106942
448,validation,bear,2,00000.jpg,00054.jpg,ALL/ALL,ALL/ALL,0.8880219497556375,0.8799216330517105,0.883971791403674,0.8717948794364929,44139,0.10767710772833723,26,109,0.003778126553106942,0.0,0.0,0.003778126553106942
448,validation,bear,2,00000.jpg,00054.jpg,rgb_selector,A/ALL,0.8880219497556375,0.8799216330517105,0.883971791403674,0.8717948794364929,44139,0.10767710772833723,26,109,0.003778126553106942,0.0,0.0,0.003778126553106942
448,validation,bear,2,00000.jpg,00054.jpg,visible_selector,A/ALL,0.8880219497556375,0.8799216330517105,0.883971791403674,0.8717948794364929,44139,0.10767710772833723,26,109,0.003778126553106942,0.0,0.0,0.003778126553106942
448,validation,bear,2,00000.jpg,00054.jpg,best_fixed,ALL/B,0.8880219497556375,0.8799216330517105,0.883971791403674,0.8717948794364929,44139,0.10767710772833723,26,109,0.003778126553106942,0.0,0.0,0.003778126553106942
448,validation,disc-jockey,1,00000.jpg,00025.jpg,OFF,OFF/OFF,0.7040369693910024,0.6502374201266297,0.677137194758816,0.7801951766014099,219112,0.40112770943175163,102,411,0.0,0.003921320768658254,0.0,0.0
448,validation,disc-jockey,1,00000.jpg,00025.jpg,trajectory_oracle,OFF/OFF,0.7040369693910024,0.6502374201266297,0.677137194758816,0.7801951766014099,219112,0.40112770943175163,102,411,0.0,0.003921320768658254,0.0,0.0
448,validation,disc-jockey,1,00000.jpg,00025.jpg,best_constant_oracle,OFF/OFF,0.7040369693910024,0.6502374201266297,0.677137194758816,0.7801951766014099,219112,0.40112770943175163,102,411,0.0,0.003921320768658254,0.0,0.0
448,validation,disc-jockey,1,00000.jpg,00025.jpg,A/A,A/A,0.7001181468733737,0.6486304591158093,0.6743743029945914,0.7752008438110352,219112,0.40112770943175163,102,411,-0.003918822517628651,2.4982510296034377e-06,-0.003918822517628651,0.0
448,validation,disc-jockey,1,00000.jpg,00025.jpg,B/B,B/B,0.7001181468733737,0.6486304591158093,0.6743743029945914,0.7752008438110352,219112,0.40112770943175163,102,411,-0.003918822517628651,2.4982510296034377e-06,-0.003918822517628651,0.0
448,validation,disc-jockey,1,00000.jpg,00025.jpg,ALL/ALL,ALL/ALL,0.6991066689356998,0.6450723052935715,0.6720894871146358,0.7723009586334229,219112,0.40112770943175163,102,411,-0.0049303004553025165,-0.0010089796866442624,-0.0049303004553025165,0.0
448,validation,disc-jockey,1,00000.jpg,00025.jpg,visible_selector,B/ALL,0.7005829690338055,0.6466168084517414,0.6735998887427735,0.7715332508087158,219112,0.40112770943175163,102,411,-0.003454000357196896,0.0004673204114613583,-0.003454000357196896,0.0
448,validation,disc-jockey,1,00000.jpg,00025.jpg,best_fixed,ALL/B,0.7001156486223441,0.6487538301770639,0.674434739399704,0.7752008438110352,219112,0.40112770943175163,102,411,-0.003921320768658254,0.0,-0.003921320768658254,0.0
448,validation,disc-jockey,1,00000.jpg,00025.jpg,rgb_selector,ALL/ALL,0.6991066689356998,0.6450723052935715,0.6720894871146358,0.7723009586334229,219112,0.40112770943175163,102,411,-0.0049303004553025165,-0.0010089796866442624,-0.0049303004553025165,0.0
448,validation,disc-jockey,2,00000.jpg,00050.jpg,OFF,OFF/OFF,0.4444470419009067,0.3362747122686942,0.39036087708480044,0.6627423763275146,244494,0.4475944639718805,117,459,0.0,-0.014538084258512163,-0.01511193668993771,0.01511193668993771
448,validation,disc-jockey,2,00000.jpg,00050.jpg,trajectory_oracle,OFF/ALL,0.45955897859084444,0.34315722762151996,0.4013581031061822,0.6962336301803589,244494,0.4475944639718805,117,459,0.01511193668993771,0.0005738524314255478,0.0,0.01511193668993771
448,validation,disc-jockey,2,00000.jpg,00050.jpg,best_constant_oracle,A/A,0.45955897859084444,0.34315722762151996,0.4013581031061822,0.6962336301803589,244494,0.4475944639718805,117,459,0.01511193668993771,0.0005738524314255478,0.0,0.01511193668993771
448,validation,disc-jockey,2,00000.jpg,00050.jpg,A/A,A/A,0.45955897859084444,0.34315722762151996,0.4013581031061822,0.6962336301803589,244494,0.4475944639718805,117,459,0.01511193668993771,0.0005738524314255478,0.0,0.01511193668993771
448,validation,disc-jockey,2,00000.jpg,00050.jpg,B/B,B/B,0.4588996881598182,0.34274433896692297,0.4008220135633706,0.6931848526000977,244494,0.4475944639718805,117,459,0.014452646258911461,-8.543799960070153e-05,-0.0006592904310262493,0.01511193668993771
448,validation,disc-jockey,2,00000.jpg,00050.jpg,ALL/ALL,ALL/ALL,0.45784774629005676,0.33089205291436624,0.3943698996022115,0.6850560903549194,244494,0.4475944639718805,117,459,0.013400704389150031,-0.0011373798693621318,-0.0017112323007876795,0.01511193668993771
448,validation,disc-jockey,2,00000.jpg,00050.jpg,rgb_selector,ALL/B,0.4589851261594189,0.3446357269630019,0.40181042656121035,0.6981371641159058,244494,0.4475944639718805,117,459,0.014538084258512163,0.0,-0.0005738524314255478,0.01511193668993771
448,validation,disc-jockey,2,00000.jpg,00050.jpg,best_fixed,ALL/B,0.4589851261594189,0.3446357269630019,0.40181042656121035,0.6981371641159058,244494,0.4475944639718805,117,459,0.014538084258512163,0.0,-0.0005738524314255478,0.01511193668993771
448,validation,disc-jockey,2,00000.jpg,00050.jpg,visible_selector,ALL/ALL,0.45784774629005676,0.33089205291436624,0.3943698996022115,0.6850560903549194,244494,0.4475944639718805,117,459,0.013400704389150031,-0.0011373798693621318,-0.0017112323007876795,0.01511193668993771
448,validation,dog-agility,1,00000.jpg,00008.jpg,OFF,OFF/OFF,0.5579476772400406,0.37538304392236976,0.46666536058120517,0.49166667461395264,44186,0.10779176424668228,28,115,0.0,0.006441081748797761,0.0,0.0
448,validation,dog-agility,1,00000.jpg,00008.jpg,trajectory_oracle,OFF/OFF,0.5579476772400406,0.37538304392236976,0.46666536058120517,0.49166667461395264,44186,0.10779176424668228,28,115,0.0,0.006441081748797761,0.0,0.0
448,validation,dog-agility,1,00000.jpg,00008.jpg,best_constant_oracle,OFF/OFF,0.5579476772400406,0.37538304392236976,0.46666536058120517,0.49166667461395264,44186,0.10779176424668228,28,115,0.0,0.006441081748797761,0.0,0.0
448,validation,dog-agility,1,00000.jpg,00008.jpg,A/A,A/A,0.5579476772400406,0.37538304392236976,0.46666536058120517,0.49166667461395264,44186,0.10779176424668228,28,115,0.0,0.006441081748797761,0.0,0.0
448,validation,dog-agility,1,00000.jpg,00008.jpg,B/B,B/B,0.5515065954912428,0.37538304392236976,0.4634448197068063,0.4833333194255829,44186,0.10779176424668228,28,115,-0.006441081748797761,0.0,-0.006441081748797761,0.0
448,validation,dog-agility,1,00000.jpg,00008.jpg,ALL/ALL,ALL/ALL,0.5515065954912428,0.37538304392236976,0.4634448197068063,0.4833333194255829,44186,0.10779176424668228,28,115,-0.006441081748797761,0.0,-0.006441081748797761,0.0
448,validation,dog-agility,1,00000.jpg,00008.jpg,rgb_selector,B/ALL,0.5515065954912428,0.37538304392236976,0.4634448197068063,0.4833333194255829,44186,0.10779176424668228,28,115,-0.006441081748797761,0.0,-0.006441081748797761,0.0
448,validation,dog-agility,1,00000.jpg,00008.jpg,visible_selector,B/ALL,0.5515065954912428,0.37538304392236976,0.4634448197068063,0.4833333194255829,44186,0.10779176424668228,28,115,-0.006441081748797761,0.0,-0.006441081748797761,0.0
448,validation,dog-agility,1,00000.jpg,00008.jpg,best_fixed,ALL/B,0.5515065954912428,0.37538304392236976,0.4634448197068063,0.4833333194255829,44186,0.10779176424668228,28,115,-0.006441081748797761,0.0,-0.006441081748797761,0.0
448,validation,dog-agility,2,00000.jpg,00016.jpg,OFF,OFF/OFF,0.7719007434197308,0.6788177846542475,0.7253592640369891,0.7379310131072998,56360,0.13749024199843873,42,136,0.0,-0.0005949836488706728,-0.0011814644290576437,0.0011814644290576437
448,validation,dog-agility,2,00000.jpg,00016.jpg,trajectory_oracle,ALL/ALL,0.7730822078487884,0.6810084811489387,0.7270453444988636,0.751724123954773,56360,0.13749024199843873,42,136,0.0011814644290576437,0.0005864807801869709,0.0,0.0011814644290576437
448,validation,dog-agility,2,00000.jpg,00016.jpg,best_constant_oracle,ALL/ALL,0.7730822078487884,0.6810084811489387,0.7270453444988636,0.751724123954773,56360,0.13749024199843873,42,136,0.0011814644290576437,0.0005864807801869709,0.0,0.0011814644290576437
448,validation,dog-agility,2,00000.jpg,00016.jpg,A/A,A/A,0.7724957270686015,0.6813576167307255,0.7269266718996634,0.7379310131072998,56360,0.13749024199843873,42,136,0.0005949836488706728,0.0,-0.0005864807801869709,0.0011814644290576437
448,validation,dog-agility,2,00000.jpg,00016.jpg,B/B,B/B,0.7724957270686015,0.6813576167307255,0.7269266718996634,0.7379310131072998,56360,0.13749024199843873,42,136,0.0005949836488706728,0.0,-0.0005864807801869709,0.0011814644290576437
448,validation,dog-agility,2,00000.jpg,00016.jpg,ALL/ALL,ALL/ALL,0.7730822078487884,0.6810084811489387,0.7270453444988636,0.751724123954773,56360,0.13749024199843873,42,136,0.0011814644290576437,0.0005864807801869709,0.0,0.0011814644290576437
448,validation,dog-agility,2,00000.jpg,00016.jpg,visible_selector,ALL/A,0.7724957270686015,0.6813576167307255,0.7269266718996634,0.7379310131072998,56360,0.13749024199843873,42,136,0.0005949836488706728,0.0,-0.0005864807801869709,0.0011814644290576437
448,validation,dog-agility,2,00000.jpg,00016.jpg,best_fixed,ALL/B,0.7724957270686015,0.6813576167307255,0.7269266718996634,0.7379310131072998,56360,0.13749024199843873,42,136,0.0005949836488706728,0.0,-0.0005864807801869709,0.0011814644290576437
448,validation,dog-agility,2,00000.jpg,00016.jpg,rgb_selector,ALL/ALL,0.7730822078487884,0.6810084811489387,0.7270453444988636,0.751724123954773,56360,0.13749024199843873,42,136,0.0011814644290576437,0.0005864807801869709,0.0,0.0011814644290576437
448,validation,dogs-scale,1,00000.jpg,00027.jpg,OFF,OFF/OFF,0.6742202052934155,0.5867417744953713,0.6304809898943935,0.6600383520126343,263174,0.6420130757220921,164,657,0.0,0.00013001750833507852,0.0,0.0005787495913049945
448,validation,dogs-scale,1,00000.jpg,00027.jpg,trajectory_oracle,ALL/A,0.6747989548847205,0.585460833479384,0.6301298941820523,0.6605203747749329,263174,0.6420130757220921,164,657,0.0005787495913049945,0.000708767099640073,0.0005787495913049945,0.0005787495913049945
448,validation,dogs-scale,1,00000.jpg,00027.jpg,best_constant_oracle,OFF/OFF,0.6742202052934155,0.5867417744953713,0.6304809898943935,0.6600383520126343,263174,0.6420130757220921,164,657,0.0,0.00013001750833507852,0.0,0.0005787495913049945
448,validation,dogs-scale,1,00000.jpg,00027.jpg,A/A,A/A,0.6711425070379851,0.5654896091447057,0.6183160580913454,0.6503974795341492,263174,0.6420130757220921,164,657,-0.003077698255430472,-0.0029476807470953936,-0.003077698255430472,0.0005787495913049945
448,validation,dogs-scale,1,00000.jpg,00027.jpg,B/B,B/B,0.6724850979723542,0.5791340703488914,0.6258095841606228,0.6570900678634644,263174,0.6420130757220921,164,657,-0.0017351073210613022,-0.0016050898127262236,-0.0017351073210613022,0.0005787495913049945
448,validation,dogs-scale,1,00000.jpg,00027.jpg,ALL/ALL,ALL/ALL,0.6738872871475046,0.5705631116862302,0.6222251994168674,0.6546044945716858,263174,0.6420130757220921,164,657,-0.00033291814591096536,-0.00020290063757588683,-0.00033291814591096536,0.0005787495913049945
448,validation,dogs-scale,1,00000.jpg,00027.jpg,best_fixed,ALL/B,0.6740901877850805,0.5842658986781217,0.6291780432316012,0.659775972366333,263174,0.6420130757220921,164,657,-0.00013001750833507852,0.0,-0.00013001750833507852,0.0005787495913049945
448,validation,dogs-scale,1,00000.jpg,00027.jpg,rgb_selector,ALL/ALL,0.6738872871475046,0.5705631116862302,0.6222251994168674,0.6546044945716858,263174,0.6420130757220921,164,657,-0.00033291814591096536,-0.00020290063757588683,-0.00033291814591096536,0.0005787495913049945
448,validation,dogs-scale,1,00000.jpg,00027.jpg,visible_selector,ALL/ALL,0.6738872871475046,0.5705631116862302,0.6222251994168674,0.6546044945716858,263174,0.6420130757220921,164,657,-0.00033291814591096536,-0.00020290063757588683,-0.00033291814591096536,0.0005787495913049945
448,validation,dogs-scale,2,00000.jpg,00055.jpg,OFF,OFF/OFF,0.3620782868583474,0.32430541876203145,0.3431918528101894,0.36025089025497437,129755,0.3165373731459797,79,326,0.0,-0.00014642421285804286,-0.00021932964093174245,0.00021932964093174245
448,validation,dogs-scale,2,00000.jpg,00055.jpg,trajectory_oracle,ALL/ALL,0.36229761649927916,0.32434388237882233,0.3433207494390508,0.36025089025497437,129755,0.3165373731459797,79,326,0.00021932964093174245,7.29054280736996e-05,0.0,0.00021932964093174245
448,validation,dogs-scale,2,00000.jpg,00055.jpg,best_constant_oracle,ALL/ALL,0.36229761649927916,0.32434388237882233,0.3433207494390508,0.36025089025497437,129755,0.3165373731459797,79,326,0.00021932964093174245,7.29054280736996e-05,0.0,0.00021932964093174245
448,validation,dogs-scale,2,00000.jpg,00055.jpg,A/A,A/A,0.36224841280854286,0.3239830868325561,0.3431157498205495,0.36025089025497437,129755,0.3165373731459797,79,326,0.0001701259501954433,2.370173733740044e-05,-4.9203690736299155e-05,0.00021932964093174245
448,validation,dogs-scale,2,00000.jpg,00055.jpg,B/B,B/B,0.36222471107120546,0.3238628876917219,0.3430437993814637,0.36025089025497437,129755,0.3165373731459797,79,326,0.00014642421285804286,0.0,-7.29054280736996e-05,0.00021932964093174245
448,validation,dogs-scale,2,00000.jpg,00055.jpg,ALL/ALL,ALL/ALL,0.36229761649927916,0.32434388237882233,0.3433207494390508,0.36025089025497437,129755,0.3165373731459797,79,326,0.00021932964093174245,7.29054280736996e-05,0.0,0.00021932964093174245
448,validation,dogs-scale,2,00000.jpg,00055.jpg,best_fixed,ALL/B,0.36222471107120546,0.3238628876917219,0.3430437993814637,0.36025089025497437,129755,0.3165373731459797,79,326,0.00014642421285804286,0.0,-7.29054280736996e-05,0.00021932964093174245
448,validation,dogs-scale,2,00000.jpg,00055.jpg,rgb_selector,ALL/ALL,0.36229761649927916,0.32434388237882233,0.3433207494390508,0.36025089025497437,129755,0.3165373731459797,79,326,0.00021932964093174245,7.29054280736996e-05,0.0,0.00021932964093174245
448,validation,dogs-scale,2,00000.jpg,00055.jpg,visible_selector,ALL/ALL,0.36229761649927916,0.32434388237882233,0.3433207494390508,0.36025089025497437,129755,0.3165373731459797,79,326,0.00021932964093174245,7.29054280736996e-05,0.0,0.00021932964093174245
448,validation,elephant,1,00000.jpg,00026.jpg,OFF,OFF/OFF,0.826492334033777,0.6931659071248294,0.7598291205793032,0.8109756112098694,58991,0.14390856752537082,37,150,0.0,0.010030429049426082,0.0,0.0011890785824332228
448,validation,elephant,1,00000.jpg,00026.jpg,trajectory_oracle,OFF/A,0.8276814126162102,0.6994954724837323,0.7635884425499713,0.8121212124824524,58991,0.14390856752537082,37,150,0.0011890785824332228,0.011219507631859305,0.0011890785824332228,0.0011890785824332228
448,validation,elephant,1,00000.jpg,00026.jpg,best_constant_oracle,OFF/OFF,0.826492334033777,0.6931659071248294,0.7598291205793032,0.8109756112098694,58991,0.14390856752537082,37,150,0.0,0.010030429049426082,0.0,0.0011890785824332228
448,validation,elephant,1,00000.jpg,00026.jpg,A/A,A/A,0.8250692133013967,0.682926889932721,0.7539980516170588,0.8181818127632141,58991,0.14390856752537082,37,150,-0.0014231207323802675,0.008607308317045814,-0.0014231207323802675,0.0011890785824332228
448,validation,elephant,1,00000.jpg,00026.jpg,B/B,B/B,0.8250692133013967,0.682926889932721,0.7539980516170588,0.8181818127632141,58991,0.14390856752537082,37,150,-0.0014231207323802675,0.008607308317045814,-0.0014231207323802675,0.0011890785824332228
448,validation,elephant,1,00000.jpg,00026.jpg,ALL/ALL,ALL/ALL,0.8144006737157294,0.6588628088799793,0.7366317412978544,0.7939394116401672,58991,0.14390856752537082,37,150,-0.012091660318047537,-0.002061231268621455,-0.012091660318047537,0.0011890785824332228
448,validation,elephant,1,00000.jpg,00026.jpg,best_fixed,ALL/B,0.8164619049843509,0.6711547650221406,0.7438083350032457,0.8060606122016907,58991,0.14390856752537082,37,150,-0.010030429049426082,0.0,-0.010030429049426082,0.0011890785824332228
448,validation,elephant,1,00000.jpg,00026.jpg,rgb_selector,ALL/ALL,0.8144006737157294,0.6588628088799793,0.7366317412978544,0.7939394116401672,58991,0.14390856752537082,37,150,-0.012091660318047537,-0.002061231268621455,-0.012091660318047537,0.0011890785824332228
448,validation,elephant,1,00000.jpg,00026.jpg,visible_selector,ALL/ALL,0.8144006737157294,0.6588628088799793,0.7366317412978544,0.7939394116401672,58991,0.14390856752537082,37,150,-0.012091660318047537,-0.002061231268621455,-0.012091660318047537,0.0011890785824332228
448,validation,elephant,2,00000.jpg,00053.jpg,OFF,OFF/OFF,0.7603421926326699,0.6588535087520889,0.7095978506923795,0.7602739930152893,50078,0.12216530054644809,33,126,0.0,0.007914314883455398,0.0,0.0
448,validation,elephant,2,00000.jpg,00053.jpg,trajectory_oracle,OFF/OFF,0.7603421926326699,0.6588535087520889,0.7095978506923795,0.7602739930152893,50078,0.12216530054644809,33,126,0.0,0.007914314883455398,0.0,0.0
448,validation,elephant,2,00000.jpg,00053.jpg,best_constant_oracle,OFF/OFF,0.7603421926326699,0.6588535087520889,0.7095978506923795,0.7602739930152893,50078,0.12216530054644809,33,126,0.0,0.007914314883455398,0.0,0.0
448,validation,elephant,2,00000.jpg,00053.jpg,A/A,A/A,0.7521528048477976,0.650357661251771,0.7012552330497843,0.748251736164093,50078,0.12216530054644809,33,126,-0.008189387784872326,-0.0002750729014169284,-0.008189387784872326,0.0
448,validation,elephant,2,00000.jpg,00053.jpg,B/B,B/B,0.7504925889766575,0.6447463984556275,0.6976194937161425,0.7535211443901062,50078,0.12216530054644809,33,126,-0.009849603656012396,-0.0019352887725569978,-0.009849603656012396,0.0
448,validation,elephant,2,00000.jpg,00053.jpg,ALL/ALL,ALL/ALL,0.7525980496832515,0.6273613546504657,0.6899797021668586,0.7464788556098938,50078,0.12216530054644809,33,126,-0.007744142949418387,0.00017017193403701114,-0.007744142949418387,0.0
448,validation,elephant,2,00000.jpg,00053.jpg,best_fixed,ALL/B,0.7524278777492145,0.6479561688529153,0.7001920233010649,0.7464788556098938,50078,0.12216530054644809,33,126,-0.007914314883455398,0.0,-0.007914314883455398,0.0
448,validation,elephant,2,00000.jpg,00053.jpg,rgb_selector,ALL/ALL,0.7525980496832515,0.6273613546504657,0.6899797021668586,0.7464788556098938,50078,0.12216530054644809,33,126,-0.007744142949418387,0.00017017193403701114,-0.007744142949418387,0.0
448,validation,elephant,2,00000.jpg,00053.jpg,visible_selector,ALL/ALL,0.7525980496832515,0.6273613546504657,0.6899797021668586,0.7464788556098938,50078,0.12216530054644809,33,126,-0.007744142949418387,0.00017017193403701114,-0.007744142949418387,0.0
448,validation,hike,1,00000.jpg,00026.jpg,OFF,OFF/OFF,0.7265440046517423,0.6922971695815268,0.7094205871166346,0.6507936716079712,20058,0.04893149882903981,10,49,0.0,4.153341363122287e-05,0.0,0.0
448,validation,hike,1,00000.jpg,00026.jpg,trajectory_oracle,OFF/OFF,0.7265440046517423,0.6922971695815268,0.7094205871166346,0.6507936716079712,20058,0.04893149882903981,10,49,0.0,4.153341363122287e-05,0.0,0.0
448,validation,hike,1,00000.jpg,00026.jpg,best_constant_oracle,OFF/OFF,0.7265440046517423,0.6922971695815268,0.7094205871166346,0.6507936716079712,20058,0.04893149882903981,10,49,0.0,4.153341363122287e-05,0.0,0.0
448,validation,hike,1,00000.jpg,00026.jpg,A/A,A/A,0.7265024712381111,0.6922971695815268,0.7093998204098189,0.6507936716079712,20058,0.04893149882903981,10,49,-4.153341363122287e-05,0.0,-4.153341363122287e-05,0.0
448,validation,hike,1,00000.jpg,00026.jpg,B/B,B/B,0.7265024712381111,0.6922971695815268,0.7093998204098189,0.6507936716079712,20058,0.04893149882903981,10,49,-4.153341363122287e-05,0.0,-4.153341363122287e-05,0.0
448,validation,hike,1,00000.jpg,00026.jpg,ALL/ALL,ALL/ALL,0.7265024712381111,0.6922971695815268,0.7093998204098189,0.6507936716079712,20058,0.04893149882903981,10,49,-4.153341363122287e-05,0.0,-4.153341363122287e-05,0.0
448,validation,hike,1,00000.jpg,00026.jpg,visible_selector,OFF/OFF,0.7265440046517423,0.6922971695815268,0.7094205871166346,0.6507936716079712,20058,0.04893149882903981,10,49,0.0,4.153341363122287e-05,0.0,0.0
448,validation,hike,1,00000.jpg,00026.jpg,rgb_selector,ALL/A,0.7265024712381111,0.6922971695815268,0.7093998204098189,0.6507936716079712,20058,0.04893149882903981,10,49,-4.153341363122287e-05,0.0,-4.153341363122287e-05,0.0
448,validation,hike,1,00000.jpg,00026.jpg,best_fixed,ALL/B,0.7265024712381111,0.6922971695815268,0.7093998204098189,0.6507936716079712,20058,0.04893149882903981,10,49,-4.153341363122287e-05,0.0,-4.153341363122287e-05,0.0
448,validation,hike,2,00000.jpg,00053.jpg,OFF,OFF/OFF,0.6933442967429537,0.6747844381485385,0.6840643674457461,0.7118644118309021,18647,0.0454893637782982,12,52,0.0,0.002604932076410882,-0.006410435081748989,0.006410435081748989
448,validation,hike,2,00000.jpg,00053.jpg,trajectory_oracle,OFF/A,0.6997547318247027,0.7025897870003692,0.701172259412536,0.7241379022598267,18647,0.0454893637782982,12,52,0.006410435081748989,0.00901536715815987,0.0,0.006410435081748989
448,validation,hike,2,00000.jpg,00053.jpg,best_constant_oracle,A/A,0.6997547318247027,0.7025897870003692,0.701172259412536,0.7241379022598267,18647,0.0454893637782982,12,52,0.006410435081748989,0.00901536715815987,0.0,0.006410435081748989
448,validation,hike,2,00000.jpg,00053.jpg,A/A,A/A,0.6997547318247027,0.7025897870003692,0.701172259412536,0.7241379022598267,18647,0.0454893637782982,12,52,0.006410435081748989,0.00901536715815987,0.0,0.006410435081748989
448,validation,hike,2,00000.jpg,00053.jpg,B/B,B/B,0.6997547318247027,0.7025897870003692,0.701172259412536,0.7241379022598267,18647,0.0454893637782982,12,52,0.006410435081748989,0.00901536715815987,0.0,0.006410435081748989
448,validation,hike,2,00000.jpg,00053.jpg,ALL/ALL,ALL/ALL,0.6997547318247027,0.7025897870003692,0.701172259412536,0.7241379022598267,18647,0.0454893637782982,12,52,0.006410435081748989,0.00901536715815987,0.0,0.006410435081748989
448,validation,hike,2,00000.jpg,00053.jpg,rgb_selector,ALL/A,0.6907393646665428,0.6900735184480257,0.6904064415572843,0.7068965435028076,18647,0.0454893637782982,12,52,-0.002604932076410882,0.0,-0.00901536715815987,0.006410435081748989
448,validation,hike,2,00000.jpg,00053.jpg,visible_selector,ALL/A,0.6907393646665428,0.6900735184480257,0.6904064415572843,0.7068965435028076,18647,0.0454893637782982,12,52,-0.002604932076410882,0.0,-0.00901536715815987,0.006410435081748989
448,validation,hike,2,00000.jpg,00053.jpg,best_fixed,ALL/B,0.6907393646665428,0.6900735184480257,0.6904064415572843,0.7068965435028076,18647,0.0454893637782982,12,52,-0.002604932076410882,0.0,-0.00901536715815987,0.006410435081748989
448,validation,kid-football,1,00000.jpg,00022.jpg,OFF,OFF/OFF,0.8423877825398111,0.6754398058181215,0.7589137941789662,0.8355615139007568,114026,0.2781664715066354,72,286,0.0,0.0006296117217022834,0.0,1.880052641467511e-05
448,validation,kid-football,1,00000.jpg,00022.jpg,trajectory_oracle,A/OFF,0.8424065830662257,0.6754642404808224,0.7589354117735241,0.8355615139007568,114026,0.2781664715066354,72,286,1.880052641467511e-05,0.0006484122481169585,1.880052641467511e-05,1.880052641467511e-05
448,validation,kid-football,1,00000.jpg,00022.jpg,best_constant_oracle,OFF/OFF,0.8423877825398111,0.6754398058181215,0.7589137941789662,0.8355615139007568,114026,0.2781664715066354,72,286,0.0,0.0006296117217022834,0.0,1.880052641467511e-05
448,validation,kid-football,1,00000.jpg,00022.jpg,A/A,A/A,0.8412273497716909,0.676855192093875,0.759041270932783,0.8373997211456299,114026,0.2781664715066354,72,286,-0.0011604327681201676,-0.0005308210464178842,-0.0011604327681201676,1.880052641467511e-05
448,validation,kid-football,1,00000.jpg,00022.jpg,B/B,B/B,0.8409013949746793,0.67429535746399,0.7575983762193347,0.8283088207244873,114026,0.2781664715066354,72,286,-0.0014863875651317526,-0.0008567758434294692,-0.0014863875651317526,1.880052641467511e-05
448,validation,kid-football,1,00000.jpg,00022.jpg,ALL/ALL,ALL/ALL,0.8409028491486615,0.6761862876861604,0.7585445684174109,0.8355615139007568,114026,0.2781664715066354,72,286,-0.0014849333911495233,-0.0008553216694472399,-0.0014849333911495233,1.880052641467511e-05
448,validation,kid-football,1,00000.jpg,00022.jpg,visible_selector,A/A,0.8412273497716909,0.676855192093875,0.759041270932783,0.8373997211456299,114026,0.2781664715066354,72,286,-0.0011604327681201676,-0.0005308210464178842,-0.0011604327681201676,1.880052641467511e-05
448,validation,kid-football,1,00000.jpg,00022.jpg,best_fixed,ALL/B,0.8417581708181088,0.676855192093875,0.7593066814559919,0.8373997211456299,114026,0.2781664715066354,72,286,-0.0006296117217022834,0.0,-0.0006296117217022834,1.880052641467511e-05
448,validation,kid-football,1,00000.jpg,00022.jpg,rgb_selector,ALL/ALL,0.8409028491486615,0.6761862876861604,0.7585445684174109,0.8355615139007568,114026,0.2781664715066354,72,286,-0.0014849333911495233,-0.0008553216694472399,-0.0014849333911495233,1.880052641467511e-05
448,validation,kid-football,2,00000.jpg,00045.jpg,OFF,OFF/OFF,0.8240803814309795,0.79399839155484,0.8090393864929097,0.8196770548820496,57275,0.13972238485558158,36,138,0.0,0.0009390801079954825,0.0,0.0
448,validation,kid-football,2,00000.jpg,00045.jpg,trajectory_oracle,OFF/OFF,0.8240803814309795,0.79399839155484,0.8090393864929097,0.8196770548820496,57275,0.13972238485558158,36,138,0.0,0.0009390801079954825,0.0,0.0
448,validation,kid-football,2,00000.jpg,00045.jpg,best_constant_oracle,OFF/OFF,0.8240803814309795,0.79399839155484,0.8090393864929097,0.8196770548820496,57275,0.13972238485558158,36,138,0.0,0.0009390801079954825,0.0,0.0
448,validation,kid-football,2,00000.jpg,00045.jpg,A/A,A/A,0.823141301322984,0.7903171872266083,0.8067292442747962,0.8196770548820496,57275,0.13972238485558158,36,138,-0.0009390801079954825,0.0,-0.0009390801079954825,0.0
448,validation,kid-football,2,00000.jpg,00045.jpg,B/B,B/B,0.823141301322984,0.7903171872266083,0.8067292442747962,0.8196770548820496,57275,0.13972238485558158,36,138,-0.0009390801079954825,0.0,-0.0009390801079954825,0.0
448,validation,kid-football,2,00000.jpg,00045.jpg,ALL/ALL,ALL/ALL,0.8231701037120362,0.7903171872266083,0.8067436454693222,0.8196770548820496,57275,0.13972238485558158,36,138,-0.0009102777189432532,2.8802389052229316e-05,-0.0009102777189432532,0.0
448,validation,kid-football,2,00000.jpg,00045.jpg,best_fixed,ALL/B,0.823141301322984,0.7903171872266083,0.8067292442747962,0.8196770548820496,57275,0.13972238485558158,36,138,-0.0009390801079954825,0.0,-0.0009390801079954825,0.0
448,validation,kid-football,2,00000.jpg,00045.jpg,rgb_selector,ALL/ALL,0.8231701037120362,0.7903171872266083,0.8067436454693222,0.8196770548820496,57275,0.13972238485558158,36,138,-0.0009102777189432532,2.8802389052229316e-05,-0.0009102777189432532,0.0
448,validation,kid-football,2,00000.jpg,00045.jpg,visible_selector,ALL/ALL,0.8231701037120362,0.7903171872266083,0.8067436454693222,0.8196770548820496,57275,0.13972238485558158,36,138,-0.0009102777189432532,2.8802389052229316e-05,-0.0009102777189432532,0.0
448,validation,koala,1,00000.jpg,00033.jpg,OFF,OFF/OFF,0.8709426731250333,0.8117083797613753,0.8413255264432042,0.8755365014076233,87874,0.21436865729898516,57,222,0.0,-0.00029428663651664966,-0.0005178335813751378,0.0006087478653442613
448,validation,koala,1,00000.jpg,00033.jpg,trajectory_oracle,OFF/A,0.8715514209903775,0.8145541590572054,0.8430527900237914,0.8712446093559265,87874,0.21436865729898516,57,222,0.0006087478653442613,0.00031446122882761163,9.091428396912349e-05,0.0006087478653442613
448,validation,koala,1,00000.jpg,00033.jpg,best_constant_oracle,A/A,0.8714605067064084,0.8142929333695512,0.8428767200379799,0.8755365014076233,87874,0.21436865729898516,57,222,0.0005178335813751378,0.00022354694485848814,0.0,0.0006087478653442613
448,validation,koala,1,00000.jpg,00033.jpg,A/A,A/A,0.8714605067064084,0.8142929333695512,0.8428767200379799,0.8755365014076233,87874,0.21436865729898516,57,222,0.0005178335813751378,0.00022354694485848814,0.0,0.0006087478653442613
448,validation,koala,1,00000.jpg,00033.jpg,B/B,B/B,0.8712369597615499,0.8143983157462322,0.8428176377538911,0.8755365014076233,87874,0.21436865729898516,57,222,0.00029428663651664966,0.0,-0.00022354694485848814,0.0006087478653442613
448,validation,koala,1,00000.jpg,00033.jpg,ALL/ALL,ALL/ALL,0.8714605067064084,0.8142929333695512,0.8428767200379799,0.8755365014076233,87874,0.21436865729898516,57,222,0.0005178335813751378,0.00022354694485848814,0.0,0.0006087478653442613
448,validation,koala,1,00000.jpg,00033.jpg,rgb_selector,ALL/A,0.8714605067064084,0.8142929333695512,0.8428767200379799,0.8755365014076233,87874,0.21436865729898516,57,222,0.0005178335813751378,0.00022354694485848814,0.0,0.0006087478653442613
448,validation,koala,1,00000.jpg,00033.jpg,visible_selector,ALL/A,0.8714605067064084,0.8142929333695512,0.8428767200379799,0.8755365014076233,87874,0.21436865729898516,57,222,0.0005178335813751378,0.00022354694485848814,0.0,0.0006087478653442613
448,validation,koala,1,00000.jpg,00033.jpg,best_fixed,ALL/B,0.8712369597615499,0.8143983157462322,0.8428176377538911,0.8755365014076233,87874,0.21436865729898516,57,222,0.00029428663651664966,0.0,-0.00022354694485848814,0.0006087478653442613
448,validation,koala,2,00000.jpg,00066.jpg,OFF,OFF/OFF,0.8602000465224471,0.7937614199669527,0.8269807332446999,0.8597285151481628,81086,0.19780932864949258,52,201,0.0,-0.0015803603452487769,-0.00039493436503834634,0.0015803603452487769
448,validation,koala,2,00000.jpg,00066.jpg,trajectory_oracle,ALL/B,0.8617804068676959,0.7938784825372107,0.8278294447024532,0.8597285151481628,81086,0.19780932864949258,52,201,0.0015803603452487769,0.0,0.0011854259802104306,0.0015803603452487769
448,validation,koala,2,00000.jpg,00066.jpg,best_constant_oracle,A/A,0.8605949808874854,0.7909663226241247,0.8257806517558051,0.8513513803482056,81086,0.19780932864949258,52,201,0.00039493436503834634,-0.0011854259802104306,0.0,0.0015803603452487769
448,validation,koala,2,00000.jpg,00066.jpg,A/A,A/A,0.8605949808874854,0.7909663226241247,0.8257806517558051,0.8513513803482056,81086,0.19780932864949258,52,201,0.00039493436503834634,-0.0011854259802104306,0.0,0.0015803603452487769
448,validation,koala,2,00000.jpg,00066.jpg,B/B,B/B,0.8596572794899043,0.7900978614201444,0.8248775704550244,0.8558558821678162,81086,0.19780932864949258,52,201,-0.0005427670325427458,-0.0021231273777915227,-0.0009377013975810922,0.0015803603452487769
448,validation,koala,2,00000.jpg,00066.jpg,ALL/ALL,ALL/ALL,0.8605949808874854,0.7909663226241247,0.8257806517558051,0.8513513803482056,81086,0.19780932864949258,52,201,0.00039493436503834634,-0.0011854259802104306,0.0,0.0015803603452487769
448,validation,koala,2,00000.jpg,00066.jpg,rgb_selector,ALL/A,0.8602280274518486,0.7909663226241247,0.8255971750379867,0.8558558821678162,81086,0.19780932864949258,52,201,2.7980929401483223e-05,-0.0015523794158472937,-0.0003669534356368631,0.0015803603452487769
448,validation,koala,2,00000.jpg,00066.jpg,visible_selector,ALL/A,0.8602280274518486,0.7909663226241247,0.8255971750379867,0.8558558821678162,81086,0.19780932864949258,52,201,2.7980929401483223e-05,-0.0015523794158472937,-0.0003669534356368631,0.0015803603452487769
448,validation,koala,2,00000.jpg,00066.jpg,best_fixed,ALL/B,0.8617804068676959,0.7938784825372107,0.8278294447024532,0.8597285151481628,81086,0.19780932864949258,52,201,0.0015803603452487769,0.0,0.0011854259802104306,0.0015803603452487769
448,validation,lady-running,1,00000.jpg,00021.jpg,OFF,OFF/OFF,0.41970516628877924,0.6157878102241215,0.5177464882564504,0.4137931168079376,53144,0.1296448087431694,31,131,0.0,-4.94219720759137e-07,-2.7947322374100025e-05,2.7947322374100025e-05
448,validation,lady-running,1,00000.jpg,00021.jpg,trajectory_oracle,B/B,0.41973311361115334,0.6151677844881683,0.5174504490496609,0.4137931168079376,53144,0.1296448087431694,31,131,2.7947322374100025e-05,2.745310265334089e-05,0.0,2.7947322374100025e-05
448,validation,lady-running,1,00000.jpg,00021.jpg,best_constant_oracle,B/B,0.41973311361115334,0.6151677844881683,0.5174504490496609,0.4137931168079376,53144,0.1296448087431694,31,131,2.7947322374100025e-05,2.745310265334089e-05,0.0,2.7947322374100025e-05
448,validation,lady-running,1,00000.jpg,00021.jpg,A/A,A/A,0.4195913904899161,0.6154894465990598,0.517540418544488,0.4137931168079376,53144,0.1296448087431694,31,131,-0.00011377579886312494,-0.00011427001858388408,-0.00014172312123722497,2.7947322374100025e-05
448,validation,lady-running,1,00000.jpg,00021.jpg,B/B,B/B,0.41973311361115334,0.6151677844881683,0.5174504490496609,0.4137931168079376,53144,0.1296448087431694,31,131,2.7947322374100025e-05,2.745310265334089e-05,0.0,2.7947322374100025e-05
448,validation,lady-running,1,00000.jpg,00021.jpg,ALL/ALL,ALL/ALL,0.4188982544546293,0.6151944329921024,0.5170463437233659,0.4137931168079376,53144,0.1296448087431694,31,131,-0.0008069118341499371,-0.0008074060538706962,-0.0008348591565240371,2.7947322374100025e-05
448,validation,lady-running,1,00000.jpg,00021.jpg,visible_selector,B/ALL,0.4196084766211034,0.6156140650397621,0.5176112708304328,0.4137931168079376,53144,0.1296448087431694,31,131,-9.66896676758422e-05,-9.718388739660133e-05,-0.00012463699004994222,2.7947322374100025e-05
448,validation,lady-running,1,00000.jpg,00021.jpg,best_fixed,ALL/B,0.4197056605085,0.6158612364137552,0.5177834484611276,0.4137931168079376,53144,0.1296448087431694,31,131,4.94219720759137e-07,0.0,-2.745310265334089e-05,2.7947322374100025e-05
448,validation,lady-running,1,00000.jpg,00021.jpg,rgb_selector,ALL/ALL,0.4188982544546293,0.6151944329921024,0.5170463437233659,0.4137931168079376,53144,0.1296448087431694,31,131,-0.0008069118341499371,-0.0008074060538706962,-0.0008348591565240371,2.7947322374100025e-05
448,validation,lady-running,2,00000.jpg,00043.jpg,OFF,OFF/OFF,0.33904609608565667,0.30862167463692763,0.32383388536129215,0.3333333432674408,33112,0.0807767369242779,22,83,0.0,-0.0001216560542763312,-0.0004622302702834147,0.0004622302702834147
448,validation,lady-running,2,00000.jpg,00043.jpg,trajectory_oracle,OFF/A,0.3395083263559401,0.30935295740280666,0.32443064187937337,0.33980581164360046,33112,0.0807767369242779,22,83,0.0004622302702834147,0.0003405742160070835,0.0,0.0004622302702834147
448,validation,lady-running,2,00000.jpg,00043.jpg,best_constant_oracle,A/A,0.3395083263559401,0.30935295740280666,0.32443064187937337,0.33980581164360046,33112,0.0807767369242779,22,83,0.0004622302702834147,0.0003405742160070835,0.0,0.0004622302702834147
448,validation,lady-running,2,00000.jpg,00043.jpg,A/A,A/A,0.3395083263559401,0.30935295740280666,0.32443064187937337,0.33980581164360046,33112,0.0807767369242779,22,83,0.0004622302702834147,0.0003405742160070835,0.0,0.0004622302702834147
448,validation,lady-running,2,00000.jpg,00043.jpg,B/B,B/B,0.33883060210760874,0.3053335599657962,0.32208208103670244,0.33980581164360046,33112,0.0807767369242779,22,83,-0.00021549397804793147,-0.00033715003232426266,-0.0006777242483313461,0.0004622302702834147
448,validation,lady-running,2,00000.jpg,00043.jpg,ALL/ALL,ALL/ALL,0.3360179744210162,0.3025284099068481,0.31927319216393213,0.33980581164360046,33112,0.0807767369242779,22,83,-0.0030281216646404485,-0.0031497777189167797,-0.003490351934923863,0.0004622302702834147
448,validation,lady-running,2,00000.jpg,00043.jpg,best_fixed,ALL/B,0.339167752139933,0.3066780107337304,0.3229228814368317,0.343137264251709,33112,0.0807767369242779,22,83,0.0001216560542763312,0.0,-0.0003405742160070835,0.0004622302702834147
448,validation,lady-running,2,00000.jpg,00043.jpg,rgb_selector,ALL/ALL,0.3360179744210162,0.3025284099068481,0.31927319216393213,0.33980581164360046,33112,0.0807767369242779,22,83,-0.0030281216646404485,-0.0031497777189167797,-0.003490351934923863,0.0004622302702834147
448,validation,lady-running,2,00000.jpg,00043.jpg,visible_selector,ALL/ALL,0.3360179744210162,0.3025284099068481,0.31927319216393213,0.33980581164360046,33112,0.0807767369242779,22,83,-0.0030281216646404485,-0.0031497777189167797,-0.003490351934923863,0.0004622302702834147
448,validation,longboard,1,00000.jpg,00017.jpg,OFF,OFF/OFF,0.45365963860006,0.5247911878544984,0.48922541322727914,0.47626644372940063,52219,0.12738827088212334,35,127,0.0,0.00018763818319722514,-0.0004930693567457567,0.0004930693567457567
448,validation,longboard,1,00000.jpg,00017.jpg,trajectory_oracle,ALL/ALL,0.45415270795680573,0.5255639033172794,0.4898583056370425,0.47626644372940063,52219,0.12738827088212334,35,127,0.0004930693567457567,0.0006807075399429818,0.0,0.0004930693567457567
448,validation,longboard,1,00000.jpg,00017.jpg,best_constant_oracle,ALL/ALL,0.45415270795680573,0.5255639033172794,0.4898583056370425,0.47626644372940063,52219,0.12738827088212334,35,127,0.0004930693567457567,0.0006807075399429818,0.0,0.0004930693567457567
448,validation,longboard,1,00000.jpg,00017.jpg,A/A,A/A,0.45347200041686275,0.52498607816948,0.4892290392931713,0.47424620389938354,52219,0.12738827088212334,35,127,-0.00018763818319722514,0.0,-0.0006807075399429818,0.0004930693567457567
448,validation,longboard,1,00000.jpg,00017.jpg,B/B,B/B,0.45214174782546673,0.5236758871307035,0.48790881747808507,0.47222599387168884,52219,0.12738827088212334,35,127,-0.0015178907745932446,-0.0013302525913960195,-0.0020109601313390013,0.0004930693567457567
448,validation,longboard,1,00000.jpg,00017.jpg,ALL/ALL,ALL/ALL,0.45415270795680573,0.5255639033172794,0.4898583056370425,0.47626644372940063,52219,0.12738827088212334,35,127,0.0004930693567457567,0.0006807075399429818,0.0,0.0004930693567457567
448,validation,longboard,1,00000.jpg,00017.jpg,rgb_selector,B/ALL,0.45222708190456656,0.523675036180075,0.4879510590423207,0.47222599387168884,52219,0.12738827088212334,35,127,-0.0014325566954934144,-0.0012449185122961892,-0.001925626052239171,0.0004930693567457567
448,validation,longboard,1,00000.jpg,00017.jpg,visible_selector,B/ALL,0.45222708190456656,0.523675036180075,0.4879510590423207,0.47222599387168884,52219,0.12738827088212334,35,127,-0.0014325566954934144,-0.0012449185122961892,-0.001925626052239171,0.0004930693567457567
448,validation,longboard,1,00000.jpg,00017.jpg,best_fixed,ALL/B,0.45347200041686275,0.52498607816948,0.4892290392931713,0.47424620389938354,52219,0.12738827088212334,35,127,-0.00018763818319722514,0.0,-0.0006807075399429818,0.0004930693567457567
448,validation,longboard,2,00000.jpg,00034.jpg,OFF,OFF/OFF,0.34660661729669984,0.3710624418175476,0.35883452955712375,0.3636842370033264,66500,0.16222677595628415,45,165,0.0,0.00031219372319801764,-0.00017706975210224352,0.0002520188859362893
448,validation,longboard,2,00000.jpg,00034.jpg,trajectory_oracle,OFF/ALL,0.3468586361826361,0.37249159915661195,0.35967511766962407,0.36529678106307983,66500,0.16222677595628415,45,165,0.0002520188859362893,0.0005642126091343069,7.494913383404578e-05,0.0002520188859362893
448,validation,longboard,2,00000.jpg,00034.jpg,best_constant_oracle,A/A,0.3467836870488021,0.37210563574234434,0.3594446613955732,0.36529678106307983,66500,0.16222677595628415,45,165,0.00017706975210224352,0.0004892634753002612,0.0,0.0002520188859362893
448,validation,longboard,2,00000.jpg,00034.jpg,A/A,A/A,0.3467836870488021,0.37210563574234434,0.3594446613955732,0.36529678106307983,66500,0.16222677595628415,45,165,0.00017706975210224352,0.0004892634753002612,0.0,0.0002520188859362893
448,validation,longboard,2,00000.jpg,00034.jpg,B/B,B/B,0.3464492356488437,0.37181052332975095,0.3591298794892973,0.36529678106307983,66500,0.16222677595628415,45,165,-0.00015738164785611408,0.00015481207534190355,-0.0003344513999583576,0.0002520188859362893
448,validation,longboard,2,00000.jpg,00034.jpg,ALL/ALL,ALL/ALL,0.3462944235735018,0.3704111039190428,0.35835276374627234,0.3600336015224457,66500,0.16222677595628415,45,165,-0.00031219372319801764,0.0,-0.0004892634753002612,0.0002520188859362893
448,validation,longboard,2,00000.jpg,00034.jpg,rgb_selector,ALL/A,0.3462944235735018,0.3704111039190428,0.35835276374627234,0.3600336015224457,66500,0.16222677595628415,45,165,-0.00031219372319801764,0.0,-0.0004892634753002612,0.0002520188859362893
448,validation,longboard,2,00000.jpg,00034.jpg,visible_selector,ALL/A,0.3462944235735018,0.3704111039190428,0.35835276374627234,0.3600336015224457,66500,0.16222677595628415,45,165,-0.00031219372319801764,0.0,-0.0004892634753002612,0.0002520188859362893
448,validation,longboard,2,00000.jpg,00034.jpg,best_fixed,ALL/B,0.3462944235735018,0.3704111039190428,0.35835276374627234,0.3600336015224457,66500,0.16222677595628415,45,165,-0.00031219372319801764,0.0,-0.0004892634753002612,0.0002520188859362893
448,validation,mallard-fly,1,00000.jpg,00023.jpg,OFF,OFF/OFF,0.5575924228536511,0.535972670041391,0.5467825464475211,0.5357142686843872,9333,0.022767857142857142,8,23,0.0,0.0004539268731891255,0.0,0.0
448,validation,mallard-fly,1,00000.jpg,00023.jpg,trajectory_oracle,OFF/OFF,0.5575924228536511,0.535972670041391,0.5467825464475211,0.5357142686843872,9333,0.022767857142857142,8,23,0.0,0.0004539268731891255,0.0,0.0
448,validation,mallard-fly,1,00000.jpg,00023.jpg,best_constant_oracle,OFF/OFF,0.5575924228536511,0.535972670041391,0.5467825464475211,0.5357142686843872,9333,0.022767857142857142,8,23,0.0,0.0004539268731891255,0.0,0.0
448,validation,mallard-fly,1,00000.jpg,00023.jpg,A/A,A/A,0.5575924228536511,0.535972670041391,0.5467825464475211,0.5357142686843872,9333,0.022767857142857142,8,23,0.0,0.0004539268731891255,0.0,0.0
448,validation,mallard-fly,1,00000.jpg,00023.jpg,B/B,B/B,0.5575924228536511,0.535972670041391,0.5467825464475211,0.5357142686843872,9333,0.022767857142857142,8,23,0.0,0.0004539268731891255,0.0,0.0
448,validation,mallard-fly,1,00000.jpg,00023.jpg,ALL/ALL,ALL/ALL,0.557138495980462,0.535972670041391,0.5465555830109265,0.5357142686843872,9333,0.022767857142857142,8,23,-0.0004539268731891255,0.0,-0.0004539268731891255,0.0
448,validation,mallard-fly,1,00000.jpg,00023.jpg,rgb_selector,A/ALL,0.557138495980462,0.535972670041391,0.5465555830109265,0.5357142686843872,9333,0.022767857142857142,8,23,-0.0004539268731891255,0.0,-0.0004539268731891255,0.0
448,validation,mallard-fly,1,00000.jpg,00023.jpg,visible_selector,A/ALL,0.557138495980462,0.535972670041391,0.5465555830109265,0.5357142686843872,9333,0.022767857142857142,8,23,-0.0004539268731891255,0.0,-0.0004539268731891255,0.0
448,validation,mallard-fly,1,00000.jpg,00023.jpg,best_fixed,ALL/B,0.557138495980462,0.535972670041391,0.5465555830109265,0.5357142686843872,9333,0.022767857142857142,8,23,-0.0004539268731891255,0.0,-0.0004539268731891255,0.0
448,validation,mallard-fly,2,00000.jpg,00046.jpg,OFF,OFF/OFF,0.6232744005812545,0.4850848831805733,0.554179641880914,0.6190476417541504,31539,0.07693940281030445,20,78,0.0,0.0007030151756041159,-0.013669242134832449,0.013669242134832449
448,validation,mallard-fly,2,00000.jpg,00046.jpg,trajectory_oracle,A/ALL,0.6369436427160869,0.5022453907431228,0.5695945167296048,0.6385542154312134,31539,0.07693940281030445,20,78,0.013669242134832449,0.014372257310436565,0.0,0.013669242134832449
448,validation,mallard-fly,2,00000.jpg,00046.jpg,best_constant_oracle,ALL/ALL,0.6369436427160869,0.5022453907431228,0.5695945167296048,0.6385542154312134,31539,0.07693940281030445,20,78,0.013669242134832449,0.014372257310436565,0.0,0.013669242134832449
448,validation,mallard-fly,2,00000.jpg,00046.jpg,A/A,A/A,0.622816345131399,0.4858167828729026,0.5543165640021508,0.6265060305595398,31539,0.07693940281030445,20,78,-0.00045805544985544344,0.0002449597257486724,-0.014127297584687892,0.013669242134832449
448,validation,mallard-fly,2,00000.jpg,00046.jpg,B/B,B/B,0.622816345131399,0.4858167828729026,0.5543165640021508,0.6265060305595398,31539,0.07693940281030445,20,78,-0.00045805544985544344,0.0002449597257486724,-0.014127297584687892,0.013669242134832449
448,validation,mallard-fly,2,00000.jpg,00046.jpg,ALL/ALL,ALL/ALL,0.6369436427160869,0.5022453907431228,0.5695945167296048,0.6385542154312134,31539,0.07693940281030445,20,78,0.013669242134832449,0.014372257310436565,0.0,0.013669242134832449
448,validation,mallard-fly,2,00000.jpg,00046.jpg,rgb_selector,ALL/A,0.622816345131399,0.4858167828729026,0.5543165640021508,0.6265060305595398,31539,0.07693940281030445,20,78,-0.00045805544985544344,0.0002449597257486724,-0.014127297584687892,0.013669242134832449
448,validation,mallard-fly,2,00000.jpg,00046.jpg,visible_selector,ALL/A,0.622816345131399,0.4858167828729026,0.5543165640021508,0.6265060305595398,31539,0.07693940281030445,20,78,-0.00045805544985544344,0.0002449597257486724,-0.014127297584687892,0.013669242134832449
448,validation,mallard-fly,2,00000.jpg,00046.jpg,best_fixed,ALL/B,0.6225713854056504,0.4718078551334503,0.5471896202695503,0.6190476417541504,31539,0.07693940281030445,20,78,-0.0007030151756041159,0.0,-0.014372257310436565,0.013669242134832449
448,validation,motorbike,1,00000.jpg,00014.jpg,OFF,OFF/OFF,0.16574365965181334,0.2249155470426838,0.19532960334724858,0.15454545617103577,13680,0.03337236533957846,8,30,0.0,0.0,0.0,0.0
448,validation,motorbike,1,00000.jpg,00014.jpg,trajectory_oracle,OFF/OFF,0.16574365965181334,0.2249155470426838,0.19532960334724858,0.15454545617103577,13680,0.03337236533957846,8,30,0.0,0.0,0.0,0.0
448,validation,motorbike,1,00000.jpg,00014.jpg,best_constant_oracle,OFF/OFF,0.16574365965181334,0.2249155470426838,0.19532960334724858,0.15454545617103577,13680,0.03337236533957846,8,30,0.0,0.0,0.0,0.0
448,validation,motorbike,1,00000.jpg,00014.jpg,A/A,A/A,0.16574365965181334,0.2249155470426838,0.19532960334724858,0.15454545617103577,13680,0.03337236533957846,8,30,0.0,0.0,0.0,0.0
448,validation,motorbike,1,00000.jpg,00014.jpg,B/B,B/B,0.16574365965181334,0.2249155470426838,0.19532960334724858,0.15454545617103577,13680,0.03337236533957846,8,30,0.0,0.0,0.0,0.0
448,validation,motorbike,1,00000.jpg,00014.jpg,ALL/ALL,ALL/ALL,0.16574365965181334,0.2249155470426838,0.19532960334724858,0.15454545617103577,13680,0.03337236533957846,8,30,0.0,0.0,0.0,0.0
448,validation,motorbike,1,00000.jpg,00014.jpg,rgb_selector,B/ALL,0.16574365965181334,0.2249155470426838,0.19532960334724858,0.15454545617103577,13680,0.03337236533957846,8,30,0.0,0.0,0.0,0.0
448,validation,motorbike,1,00000.jpg,00014.jpg,visible_selector,B/ALL,0.16574365965181334,0.2249155470426838,0.19532960334724858,0.15454545617103577,13680,0.03337236533957846,8,30,0.0,0.0,0.0,0.0
448,validation,motorbike,1,00000.jpg,00014.jpg,best_fixed,ALL/B,0.16574365965181334,0.2249155470426838,0.19532960334724858,0.15454545617103577,13680,0.03337236533957846,8,30,0.0,0.0,0.0,0.0
448,validation,motorbike,2,00000.jpg,00028.jpg,OFF,OFF/OFF,0.16707802807704863,0.19769747432492946,0.18238775120098905,0.23932014405727386,27067,0.06602995706479313,20,70,0.0,0.0,0.0,0.0
448,validation,motorbike,2,00000.jpg,00028.jpg,trajectory_oracle,OFF/OFF,0.16707802807704863,0.19769747432492946,0.18238775120098905,0.23932014405727386,27067,0.06602995706479313,20,70,0.0,0.0,0.0,0.0
448,validation,motorbike,2,00000.jpg,00028.jpg,best_constant_oracle,OFF/OFF,0.16707802807704863,0.19769747432492946,0.18238775120098905,0.23932014405727386,27067,0.06602995706479313,20,70,0.0,0.0,0.0,0.0
448,validation,motorbike,2,00000.jpg,00028.jpg,A/A,A/A,0.16707802807704863,0.19769747432492946,0.18238775120098905,0.23932014405727386,27067,0.06602995706479313,20,70,0.0,0.0,0.0,0.0
448,validation,motorbike,2,00000.jpg,00028.jpg,B/B,B/B,0.16707802807704863,0.19769747432492946,0.18238775120098905,0.23773282766342163,27067,0.06602995706479313,20,70,0.0,0.0,0.0,0.0
448,validation,motorbike,2,00000.jpg,00028.jpg,ALL/ALL,ALL/ALL,0.16707802807704863,0.19769747432492946,0.18238775120098905,0.23773282766342163,27067,0.06602995706479313,20,70,0.0,0.0,0.0,0.0
448,validation,motorbike,2,00000.jpg,00028.jpg,best_fixed,ALL/B,0.16707802807704863,0.19769747432492946,0.18238775120098905,0.23773282766342163,27067,0.06602995706479313,20,70,0.0,0.0,0.0,0.0
448,validation,motorbike,2,00000.jpg,00028.jpg,rgb_selector,ALL/ALL,0.16707802807704863,0.19769747432492946,0.18238775120098905,0.23773282766342163,27067,0.06602995706479313,20,70,0.0,0.0,0.0,0.0
448,validation,motorbike,2,00000.jpg,00028.jpg,visible_selector,ALL/ALL,0.16707802807704863,0.19769747432492946,0.18238775120098905,0.23773282766342163,27067,0.06602995706479313,20,70,0.0,0.0,0.0,0.0
448,validation,rallye,1,00000.jpg,00016.jpg,OFF,OFF/OFF,0.265,0.5939174083603999,0.42945870418019993,0.5555555820465088,1784,0.004352068696330992,1,6,0.0,0.0,0.0,0.0
448,validation,rallye,1,00000.jpg,00016.jpg,trajectory_oracle,OFF/OFF,0.265,0.5939174083603999,0.42945870418019993,0.5555555820465088,1784,0.004352068696330992,1,6,0.0,0.0,0.0,0.0
448,validation,rallye,1,00000.jpg,00016.jpg,best_constant_oracle,OFF/OFF,0.265,0.5939174083603999,0.42945870418019993,0.5555555820465088,1784,0.004352068696330992,1,6,0.0,0.0,0.0,0.0
448,validation,rallye,1,00000.jpg,00016.jpg,A/A,A/A,0.265,0.5939174083603999,0.42945870418019993,0.5555555820465088,1784,0.004352068696330992,1,6,0.0,0.0,0.0,0.0
448,validation,rallye,1,00000.jpg,00016.jpg,B/B,B/B,0.265,0.5939174083603999,0.42945870418019993,0.5555555820465088,1784,0.004352068696330992,1,6,0.0,0.0,0.0,0.0
448,validation,rallye,1,00000.jpg,00016.jpg,ALL/ALL,ALL/ALL,0.265,0.5939174083603999,0.42945870418019993,0.5555555820465088,1784,0.004352068696330992,1,6,0.0,0.0,0.0,0.0
448,validation,rallye,1,00000.jpg,00016.jpg,visible_selector,OFF/OFF,0.265,0.5939174083603999,0.42945870418019993,0.5555555820465088,1784,0.004352068696330992,1,6,0.0,0.0,0.0,0.0
448,validation,rallye,1,00000.jpg,00016.jpg,rgb_selector,ALL/A,0.265,0.5939174083603999,0.42945870418019993,0.5555555820465088,1784,0.004352068696330992,1,6,0.0,0.0,0.0,0.0
448,validation,rallye,1,00000.jpg,00016.jpg,best_fixed,ALL/B,0.265,0.5939174083603999,0.42945870418019993,0.5555555820465088,1784,0.004352068696330992,1,6,0.0,0.0,0.0,0.0
448,validation,rallye,2,00000.jpg,00033.jpg,OFF,OFF/OFF,0.29352991348848545,0.2905080151423096,0.29201896431539753,0.6000000238418579,6753,0.01647394613583138,4,17,0.0,-0.010200104273503874,-0.010200104273503874,0.010200104273503874
448,validation,rallye,2,00000.jpg,00033.jpg,trajectory_oracle,A/ALL,0.3037300177619893,0.3653967196119812,0.3345633686869853,0.625,6753,0.01647394613583138,4,17,0.010200104273503874,0.0,0.0,0.010200104273503874
448,validation,rallye,2,00000.jpg,00033.jpg,best_constant_oracle,ALL/ALL,0.3037300177619893,0.3653967196119812,0.3345633686869853,0.625,6753,0.01647394613583138,4,17,0.010200104273503874,0.0,0.0,0.010200104273503874
448,validation,rallye,2,00000.jpg,00033.jpg,A/A,A/A,0.29352991348848545,0.2905080151423096,0.29201896431539753,0.6000000238418579,6753,0.01647394613583138,4,17,0.0,-0.010200104273503874,-0.010200104273503874,0.010200104273503874
448,validation,rallye,2,00000.jpg,00033.jpg,B/B,B/B,0.29352991348848545,0.2905080151423096,0.29201896431539753,0.6000000238418579,6753,0.01647394613583138,4,17,0.0,-0.010200104273503874,-0.010200104273503874,0.010200104273503874
448,validation,rallye,2,00000.jpg,00033.jpg,ALL/ALL,ALL/ALL,0.3037300177619893,0.3653967196119812,0.3345633686869853,0.625,6753,0.01647394613583138,4,17,0.010200104273503874,0.0,0.0,0.010200104273503874
448,validation,rallye,2,00000.jpg,00033.jpg,rgb_selector,ALL/B,0.3037300177619893,0.3653967196119812,0.3345633686869853,0.625,6753,0.01647394613583138,4,17,0.010200104273503874,0.0,0.0,0.010200104273503874
448,validation,rallye,2,00000.jpg,00033.jpg,best_fixed,ALL/B,0.3037300177619893,0.3653967196119812,0.3345633686869853,0.625,6753,0.01647394613583138,4,17,0.010200104273503874,0.0,0.0,0.010200104273503874
448,validation,rallye,2,00000.jpg,00033.jpg,visible_selector,ALL/ALL,0.3037300177619893,0.3653967196119812,0.3345633686869853,0.625,6753,0.01647394613583138,4,17,0.010200104273503874,0.0,0.0,0.010200104273503874
448,validation,scooter-board,1,00000.jpg,00030.jpg,OFF,OFF/OFF,0.28513408973697785,0.30653048715488757,0.2958322884459327,0.5357142686843872,10631,0.025934328649492584,8,28,0.0,-0.00014712801328015113,-0.00014712801328015113,0.01702327066911352
448,validation,scooter-board,1,00000.jpg,00030.jpg,trajectory_oracle,ALL/OFF,0.30215736040609137,0.34809618760873534,0.32512677400741335,0.5595238208770752,10631,0.025934328649492584,8,28,0.01702327066911352,0.01687614265583337,0.01687614265583337,0.01702327066911352
448,validation,scooter-board,1,00000.jpg,00030.jpg,best_constant_oracle,A/A,0.285281217750258,0.30653048715488757,0.2959058524525728,0.5357142686843872,10631,0.025934328649492584,8,28,0.00014712801328015113,0.0,0.0,0.01702327066911352
448,validation,scooter-board,1,00000.jpg,00030.jpg,A/A,A/A,0.285281217750258,0.30653048715488757,0.2959058524525728,0.5357142686843872,10631,0.025934328649492584,8,28,0.00014712801328015113,0.0,0.0,0.01702327066911352
448,validation,scooter-board,1,00000.jpg,00030.jpg,B/B,B/B,0.285281217750258,0.30653048715488757,0.2959058524525728,0.5357142686843872,10631,0.025934328649492584,8,28,0.00014712801328015113,0.0,0.0,0.01702327066911352
448,validation,scooter-board,1,00000.jpg,00030.jpg,ALL/ALL,ALL/ALL,0.285281217750258,0.30653048715488757,0.2959058524525728,0.5357142686843872,10631,0.025934328649492584,8,28,0.00014712801328015113,0.0,0.0,0.01702327066911352
448,validation,scooter-board,1,00000.jpg,00030.jpg,rgb_selector,ALL/A,0.285281217750258,0.30653048715488757,0.2959058524525728,0.5357142686843872,10631,0.025934328649492584,8,28,0.00014712801328015113,0.0,0.0,0.01702327066911352
448,validation,scooter-board,1,00000.jpg,00030.jpg,visible_selector,ALL/A,0.285281217750258,0.30653048715488757,0.2959058524525728,0.5357142686843872,10631,0.025934328649492584,8,28,0.00014712801328015113,0.0,0.0,0.01702327066911352
448,validation,scooter-board,1,00000.jpg,00030.jpg,best_fixed,ALL/B,0.285281217750258,0.30653048715488757,0.2959058524525728,0.5357142686843872,10631,0.025934328649492584,8,28,0.00014712801328015113,0.0,0.0,0.01702327066911352
448,validation,scooter-board,2,00000.jpg,00060.jpg,OFF,OFF/OFF,0.0009759271307742355,0.1420918758746898,0.07153390150273202,0.0,2454,0.005986533957845434,1,6,0.0,0.0,0.0,0.0
448,validation,scooter-board,2,00000.jpg,00060.jpg,trajectory_oracle,OFF/OFF,0.0009759271307742355,0.1420918758746898,0.07153390150273202,0.0,2454,0.005986533957845434,1,6,0.0,0.0,0.0,0.0
448,validation,scooter-board,2,00000.jpg,00060.jpg,best_constant_oracle,OFF/OFF,0.0009759271307742355,0.1420918758746898,0.07153390150273202,0.0,2454,0.005986533957845434,1,6,0.0,0.0,0.0,0.0
448,validation,scooter-board,2,00000.jpg,00060.jpg,A/A,A/A,0.0009759271307742355,0.1420918758746898,0.07153390150273202,0.0,2454,0.005986533957845434,1,6,0.0,0.0,0.0,0.0
448,validation,scooter-board,2,00000.jpg,00060.jpg,B/B,B/B,0.0009759271307742355,0.1420918758746898,0.07153390150273202,0.0,2454,0.005986533957845434,1,6,0.0,0.0,0.0,0.0
448,validation,scooter-board,2,00000.jpg,00060.jpg,ALL/ALL,ALL/ALL,0.0009759271307742355,0.1420918758746898,0.07153390150273202,0.0,2454,0.005986533957845434,1,6,0.0,0.0,0.0,0.0
448,validation,scooter-board,2,00000.jpg,00060.jpg,rgb_selector,B/ALL,0.0009759271307742355,0.1420918758746898,0.07153390150273202,0.0,2454,0.005986533957845434,1,6,0.0,0.0,0.0,0.0
448,validation,scooter-board,2,00000.jpg,00060.jpg,visible_selector,B/ALL,0.0009759271307742355,0.1420918758746898,0.07153390150273202,0.0,2454,0.005986533957845434,1,6,0.0,0.0,0.0,0.0
448,validation,scooter-board,2,00000.jpg,00060.jpg,best_fixed,ALL/B,0.0009759271307742355,0.1420918758746898,0.07153390150273202,0.0,2454,0.005986533957845434,1,6,0.0,0.0,0.0,0.0
448,validation,scooter-gray,1,00000.jpg,00025.jpg,OFF,OFF/OFF,0.5200428672309845,0.526794476234742,0.5234186717328633,0.586660623550415,42529,0.10374951209992193,27,104,0.0,0.0,0.0,0.0
448,validation,scooter-gray,1,00000.jpg,00025.jpg,trajectory_oracle,OFF/OFF,0.5200428672309845,0.526794476234742,0.5234186717328633,0.586660623550415,42529,0.10374951209992193,27,104,0.0,0.0,0.0,0.0
448,validation,scooter-gray,1,00000.jpg,00025.jpg,best_constant_oracle,OFF/OFF,0.5200428672309845,0.526794476234742,0.5234186717328633,0.586660623550415,42529,0.10374951209992193,27,104,0.0,0.0,0.0,0.0
448,validation,scooter-gray,1,00000.jpg,00025.jpg,A/A,A/A,0.5200428672309845,0.526794476234742,0.5234186717328633,0.586660623550415,42529,0.10374951209992193,27,104,0.0,0.0,0.0,0.0
448,validation,scooter-gray,1,00000.jpg,00025.jpg,B/B,B/B,0.5200428672309845,0.526794476234742,0.5234186717328633,0.586660623550415,42529,0.10374951209992193,27,104,0.0,0.0,0.0,0.0
448,validation,scooter-gray,1,00000.jpg,00025.jpg,ALL/ALL,ALL/ALL,0.5200428672309845,0.526794476234742,0.5234186717328633,0.586660623550415,42529,0.10374951209992193,27,104,0.0,0.0,0.0,0.0
448,validation,scooter-gray,1,00000.jpg,00025.jpg,rgb_selector,B/ALL,0.5200428672309845,0.526794476234742,0.5234186717328633,0.586660623550415,42529,0.10374951209992193,27,104,0.0,0.0,0.0,0.0
448,validation,scooter-gray,1,00000.jpg,00025.jpg,visible_selector,B/ALL,0.5200428672309845,0.526794476234742,0.5234186717328633,0.586660623550415,42529,0.10374951209992193,27,104,0.0,0.0,0.0,0.0
448,validation,scooter-gray,1,00000.jpg,00025.jpg,best_fixed,ALL/B,0.5200428672309845,0.526794476234742,0.5234186717328633,0.586660623550415,42529,0.10374951209992193,27,104,0.0,0.0,0.0,0.0
448,validation,scooter-gray,2,00000.jpg,00050.jpg,OFF,OFF/OFF,0.3886242822880427,0.5720234409268066,0.4803238616074247,0.4387432038784027,35289,0.08608752927400469,19,89,0.0,0.0,0.0,0.0
448,validation,scooter-gray,2,00000.jpg,00050.jpg,trajectory_oracle,OFF/OFF,0.3886242822880427,0.5720234409268066,0.4803238616074247,0.4387432038784027,35289,0.08608752927400469,19,89,0.0,0.0,0.0,0.0
448,validation,scooter-gray,2,00000.jpg,00050.jpg,best_constant_oracle,OFF/OFF,0.3886242822880427,0.5720234409268066,0.4803238616074247,0.4387432038784027,35289,0.08608752927400469,19,89,0.0,0.0,0.0,0.0
448,validation,scooter-gray,2,00000.jpg,00050.jpg,A/A,A/A,0.3886242822880427,0.5720234409268066,0.4803238616074247,0.4387432038784027,35289,0.08608752927400469,19,89,0.0,0.0,0.0,0.0
448,validation,scooter-gray,2,00000.jpg,00050.jpg,B/B,B/B,0.3886242822880427,0.5720234409268066,0.4803238616074247,0.4387432038784027,35289,0.08608752927400469,19,89,0.0,0.0,0.0,0.0
448,validation,scooter-gray,2,00000.jpg,00050.jpg,ALL/ALL,ALL/ALL,0.3886242822880427,0.5720234409268066,0.4803238616074247,0.4387432038784027,35289,0.08608752927400469,19,89,0.0,0.0,0.0,0.0
448,validation,scooter-gray,2,00000.jpg,00050.jpg,rgb_selector,A/ALL,0.3886242822880427,0.5720234409268066,0.4803238616074247,0.4387432038784027,35289,0.08608752927400469,19,89,0.0,0.0,0.0,0.0
448,validation,scooter-gray,2,00000.jpg,00050.jpg,visible_selector,A/ALL,0.3886242822880427,0.5720234409268066,0.4803238616074247,0.4387432038784027,35289,0.08608752927400469,19,89,0.0,0.0,0.0,0.0
448,validation,scooter-gray,2,00000.jpg,00050.jpg,best_fixed,ALL/B,0.3886242822880427,0.5720234409268066,0.4803238616074247,0.4387432038784027,35289,0.08608752927400469,19,89,0.0,0.0,0.0,0.0
448,validation,stroller,1,00000.jpg,00030.jpg,OFF,OFF/OFF,0.5752621146877808,0.6571130928602412,0.616187603774011,0.5965673923492432,31903,0.07782738095238095,15,88,0.0,0.0003631684950933245,-0.001639539129010159,0.005637213278713249
448,validation,stroller,1,00000.jpg,00030.jpg,trajectory_oracle,OFF/A,0.580899327966494,0.663406687391878,0.6221530076791859,0.6093879342079163,31903,0.07782738095238095,15,88,0.005637213278713249,0.0060003817738065734,0.00399767414970309,0.005637213278713249
448,validation,stroller,1,00000.jpg,00030.jpg,best_constant_oracle,A/A,0.5769016538167909,0.6632711462362766,0.6200864000265338,0.6093879342079163,31903,0.07782738095238095,15,88,0.001639539129010159,0.0020027076241034836,0.0,0.005637213278713249
448,validation,stroller,1,00000.jpg,00030.jpg,A/A,A/A,0.5769016538167909,0.6632711462362766,0.6200864000265338,0.6093879342079163,31903,0.07782738095238095,15,88,0.001639539129010159,0.0020027076241034836,0.0,0.005637213278713249
448,validation,stroller,1,00000.jpg,00030.jpg,B/B,B/B,0.5748989461926874,0.6628606897782339,0.6188798179854607,0.6020160913467407,31903,0.07782738095238095,15,88,-0.0003631684950933245,0.0,-0.0020027076241034836,0.005637213278713249
448,validation,stroller,1,00000.jpg,00030.jpg,ALL/ALL,ALL/ALL,0.5748989461926874,0.6628606897782339,0.6188798179854607,0.6020160913467407,31903,0.07782738095238095,15,88,-0.0003631684950933245,0.0,-0.0020027076241034836,0.005637213278713249
448,validation,stroller,1,00000.jpg,00030.jpg,rgb_selector,B/ALL,0.5748989461926874,0.6628606897782339,0.6188798179854607,0.6020160913467407,31903,0.07782738095238095,15,88,-0.0003631684950933245,0.0,-0.0020027076241034836,0.005637213278713249
448,validation,stroller,1,00000.jpg,00030.jpg,visible_selector,B/ALL,0.5748989461926874,0.6628606897782339,0.6188798179854607,0.6020160913467407,31903,0.07782738095238095,15,88,-0.0003631684950933245,0.0,-0.0020027076241034836,0.005637213278713249
448,validation,stroller,1,00000.jpg,00030.jpg,best_fixed,ALL/B,0.5748989461926874,0.6628606897782339,0.6188798179854607,0.6020160913467407,31903,0.07782738095238095,15,88,-0.0003631684950933245,0.0,-0.0020027076241034836,0.005637213278713249
448,validation,stroller,2,00000.jpg,00060.jpg,OFF,OFF/OFF,0.6014491151574715,0.6380264003820356,0.6197377577697536,0.5936933755874634,49565,0.1209138368462139,27,124,0.0,0.0030502631809521397,0.0,0.0
448,validation,stroller,2,00000.jpg,00060.jpg,trajectory_oracle,OFF/OFF,0.6014491151574715,0.6380264003820356,0.6197377577697536,0.5936933755874634,49565,0.1209138368462139,27,124,0.0,0.0030502631809521397,0.0,0.0
448,validation,stroller,2,00000.jpg,00060.jpg,best_constant_oracle,OFF/OFF,0.6014491151574715,0.6380264003820356,0.6197377577697536,0.5936933755874634,49565,0.1209138368462139,27,124,0.0,0.0030502631809521397,0.0,0.0
448,validation,stroller,2,00000.jpg,00060.jpg,A/A,A/A,0.5983988519765193,0.632933213833972,0.6156660329052457,0.5903226137161255,49565,0.1209138368462139,27,124,-0.0030502631809521397,0.0,-0.0030502631809521397,0.0
448,validation,stroller,2,00000.jpg,00060.jpg,B/B,B/B,0.5983988519765193,0.632933213833972,0.6156660329052457,0.5903226137161255,49565,0.1209138368462139,27,124,-0.0030502631809521397,0.0,-0.0030502631809521397,0.0
448,validation,stroller,2,00000.jpg,00060.jpg,ALL/ALL,ALL/ALL,0.5983988519765193,0.632933213833972,0.6156660329052457,0.5903226137161255,49565,0.1209138368462139,27,124,-0.0030502631809521397,0.0,-0.0030502631809521397,0.0
448,validation,stroller,2,00000.jpg,00060.jpg,rgb_selector,ALL/A,0.5983988519765193,0.632933213833972,0.6156660329052457,0.5903226137161255,49565,0.1209138368462139,27,124,-0.0030502631809521397,0.0,-0.0030502631809521397,0.0
448,validation,stroller,2,00000.jpg,00060.jpg,visible_selector,ALL/A,0.5983988519765193,0.632933213833972,0.6156660329052457,0.5903226137161255,49565,0.1209138368462139,27,124,-0.0030502631809521397,0.0,-0.0030502631809521397,0.0
448,validation,stroller,2,00000.jpg,00060.jpg,best_fixed,ALL/B,0.5983988519765193,0.632933213833972,0.6156660329052457,0.5903226137161255,49565,0.1209138368462139,27,124,-0.0030502631809521397,0.0,-0.0030502631809521397,0.0
